agent,seed,episode,timestep,reward
DQN (ours),52,1,14,1.2766
DQN (ours),52,2,28,1.7672
DQN (ours),52,3,42,2.3975
DQN (ours),52,4,56,3.8512
DQN (ours),52,5,84,5.5896
DQN (ours),52,6,112,6.0489
DQN (ours),52,7,112,7.3586
DQN (ours),52,8,126,1.6001
DQN (ours),52,9,154,1.9602
DQN (ours),52,10,154,4.9992
DQN (ours),52,11,168,7.8068
DQN (ours),52,12,182,11.9602
DQN (ours),52,13,238,3.5673
DQN (ours),52,14,280,15.7285
DQN (ours),52,15,308,3.2023
DQN (ours),52,16,336,14.8435
DQN (ours),52,17,336,10.8527
DQN (ours),52,18,378,22.1211
DQN (ours),52,19,378,1.9602
DQN (ours),52,20,406,20.9763
DQN (ours),52,21,406,20.8296
DQN (ours),52,22,406,20.5398
DQN (ours),52,23,406,20.4545
DQN (ours),52,24,406,6.5011
DQN (ours),52,25,406,21.1708
DQN (ours),52,26,420,6.5954
DQN (ours),52,27,462,2.3989
DQN (ours),52,28,476,3.2005
DQN (ours),52,29,518,21.6507
DQN (ours),52,30,532,7.0154
DQN (ours),52,31,532,22.9854
DQN (ours),52,32,574,20.9671
DQN (ours),52,33,574,10.6879
DQN (ours),52,34,588,10.3634
DQN (ours),52,35,602,4.0455
DQN (ours),52,36,602,1.1211
DQN (ours),52,37,602,20.8648
DQN (ours),52,38,630,0.9660
DQN (ours),52,39,658,13.9746
DQN (ours),52,40,686,17.3962
DQN (ours),52,41,714,6.3043
DQN (ours),52,42,728,3.3653
DQN (ours),52,43,756,1.9584
DQN (ours),52,44,756,22.6423
DQN (ours),52,45,798,20.8103
DQN (ours),52,46,812,12.5195
DQN (ours),52,47,826,22.8848
DQN (ours),52,48,854,4.8140
DQN (ours),52,49,882,12.9794
DQN (ours),52,50,882,22.7048
DQN (ours),52,51,896,21.1738
DQN (ours),52,52,910,11.1706
DQN (ours),52,53,910,5.5261
DQN (ours),52,54,924,5.5912
DQN (ours),52,55,924,6.9537
DQN (ours),52,56,938,10.1791
DQN (ours),52,57,938,9.0251
DQN (ours),52,58,952,2.5965
DQN (ours),52,59,952,24.3939
DQN (ours),52,60,952,21.7971
DQN (ours),52,61,966,2.9553
DQN (ours),52,62,994,21.2069
DQN (ours),52,63,1022,1.0509
DQN (ours),52,64,1022,20.8876
DQN (ours),52,65,1022,3.4002
DQN (ours),52,66,1036,6.4010
DQN (ours),52,67,1050,6.9537
DQN (ours),52,68,1050,9.0472
DQN (ours),52,69,1050,6.1248
DQN (ours),52,70,1092,3.3168
DQN (ours),52,71,1092,7.9876
DQN (ours),52,72,1120,4.7561
DQN (ours),52,73,1148,11.1961
DQN (ours),52,74,1162,7.1953
DQN (ours),52,75,1204,9.5539
DQN (ours),52,76,1204,2.2988
DQN (ours),52,77,1232,16.4490
DQN (ours),52,78,1232,6.1364
DQN (ours),52,79,1260,5.9551
DQN (ours),52,80,1260,18.7236
DQN (ours),52,81,1260,2.5991
DQN (ours),52,82,1274,21.4874
DQN (ours),52,83,1288,13.4715
DQN (ours),52,84,1302,21.5537
DQN (ours),52,85,1316,3.8512
DQN (ours),52,86,1330,2.5683
DQN (ours),52,87,1344,14.5198
DQN (ours),52,88,1344,23.9647
DQN (ours),52,89,1358,5.9590
DQN (ours),52,90,1372,6.2055
DQN (ours),52,91,1428,4.5931
DQN (ours),52,92,1428,20.3536
DQN (ours),52,93,1428,3.0500
DQN (ours),52,94,1442,21.7312
DQN (ours),52,95,1442,6.7602
DQN (ours),52,96,1442,9.1232
DQN (ours),52,97,1456,4.5273
DQN (ours),52,98,1470,2.2774
DQN (ours),52,99,1498,2.7925
DQN (ours),52,100,1512,1.5982
DQN (ours),52,101,1512,22.1589
DQN (ours),52,102,1540,4.0826
DQN (ours),52,103,1554,6.5643
DQN (ours),52,104,1582,6.4513
DQN (ours),52,105,1596,18.9786
DQN (ours),52,106,1624,6.8754
DQN (ours),52,107,1624,24.9029
DQN (ours),52,108,1652,20.6910
DQN (ours),52,109,1652,2.7595
DQN (ours),52,110,1666,8.9674
DQN (ours),52,111,1694,2.8444
DQN (ours),52,112,1708,12.4080
DQN (ours),52,113,1708,4.9514
DQN (ours),52,114,1722,20.8854
DQN (ours),52,115,1722,3.9556
DQN (ours),52,116,1736,3.5625
DQN (ours),52,117,1736,3.8466
DQN (ours),52,118,1736,20.4581
DQN (ours),52,119,1750,1.7840
DQN (ours),52,120,1750,21.0041
DQN (ours),52,121,1750,1.6001
DQN (ours),52,122,1778,0.9851
DQN (ours),52,123,1848,8.7336
DQN (ours),52,124,1848,20.9783
DQN (ours),52,125,1862,21.2016
DQN (ours),52,126,1876,7.1180
DQN (ours),52,127,1890,9.7546
DQN (ours),52,128,1904,2.8505
DQN (ours),52,129,1932,4.3614
DQN (ours),52,130,1932,10.0285
DQN (ours),52,131,1932,8.8471
DQN (ours),52,132,1960,20.1123
DQN (ours),52,133,1960,25.0707
DQN (ours),52,134,1974,22.2249
DQN (ours),52,135,1974,1.7649
DQN (ours),52,136,2002,1.7953
DQN (ours),52,137,2016,1.7953
DQN (ours),52,138,2016,16.9653
DQN (ours),52,139,2016,13.2523
DQN (ours),52,140,2016,15.3544
DQN (ours),52,141,2072,11.8033
DQN (ours),52,142,2100,4.7788
DQN (ours),52,143,2114,19.5451
DQN (ours),52,144,2142,13.7310
DQN (ours),52,145,2142,14.9513
DQN (ours),52,146,2156,7.3891
DQN (ours),52,147,2170,2.5661
DQN (ours),52,148,2198,13.7021
DQN (ours),52,149,2226,8.8599
DQN (ours),52,150,2254,5.8020
DQN (ours),52,151,2282,17.4732
DQN (ours),52,152,2296,4.6013
DQN (ours),52,153,2296,1.9602
DQN (ours),52,154,2296,17.0972
DQN (ours),52,155,2296,22.7414
DQN (ours),52,156,2310,0.9205
DQN (ours),52,157,2324,5.5934
DQN (ours),52,158,2324,17.6544
DQN (ours),52,159,2352,20.4545
DQN (ours),52,160,2380,20.4545
DQN (ours),52,161,2380,4.4513
DQN (ours),52,162,2422,5.9990
DQN (ours),52,163,2422,5.2053
DQN (ours),52,164,2436,20.4545
DQN (ours),52,165,2450,17.5899
DQN (ours),52,166,2464,1.6023
DQN (ours),52,167,2478,9.2525
DQN (ours),52,168,2492,6.0086
DQN (ours),52,169,2506,8.2031
DQN (ours),52,170,2506,4.5912
DQN (ours),52,171,2548,3.5603
DQN (ours),52,172,2548,11.6514
DQN (ours),52,173,2562,21.5916
DQN (ours),52,174,2576,21.4806
DQN (ours),52,175,2590,21.3646
DQN (ours),52,176,2590,9.7549
DQN (ours),52,177,2604,2.1960
DQN (ours),52,178,2632,2.7943
DQN (ours),52,179,2632,12.9356
DQN (ours),52,180,2646,2.9137
DQN (ours),52,181,2674,3.8020
DQN (ours),52,182,2702,12.2076
DQN (ours),52,183,2716,8.8969
DQN (ours),52,184,2716,23.4665
DQN (ours),52,185,2716,21.3626
DQN (ours),52,186,2730,7.0033
DQN (ours),52,187,2744,4.7661
DQN (ours),52,188,2772,7.7616
DQN (ours),52,189,2786,13.2142
DQN (ours),52,190,2800,3.0548
DQN (ours),52,191,2800,7.4010
DQN (ours),52,192,2828,1.0019
DQN (ours),52,193,2856,3.7563
DQN (ours),52,194,2870,23.2286
DQN (ours),52,195,2884,21.4996
DQN (ours),52,196,2898,8.7929
DQN (ours),52,197,2898,11.2484
DQN (ours),52,198,2912,2.3993
DQN (ours),52,199,2926,20.6534
DQN (ours),52,200,2926,20.8125
DQN (ours),52,201,2940,1.7649
DQN (ours),52,202,2954,0.9660
DQN (ours),52,203,2968,5.3664
DQN (ours),52,204,2982,5.6011
DQN (ours),52,205,2982,9.1565
DQN (ours),52,206,3010,0.9660
DQN (ours),52,207,3024,5.2415
DQN (ours),52,208,3052,23.9925
DQN (ours),52,209,3066,7.7522
DQN (ours),52,210,3108,1.7840
DQN (ours),52,211,3122,23.7125
DQN (ours),52,212,3122,10.4873
DQN (ours),52,213,3122,18.1045
DQN (ours),52,214,3136,23.0289
DQN (ours),52,215,3136,0.9660
DQN (ours),52,216,3164,23.7202
DQN (ours),52,217,3178,7.7795
DQN (ours),52,218,3220,20.4545
DQN (ours),52,219,3234,4.8477
DQN (ours),52,220,3262,4.0034
DQN (ours),52,221,3276,12.0136
DQN (ours),52,222,3290,9.9972
DQN (ours),52,223,3318,22.9110
DQN (ours),52,224,3360,5.9787
DQN (ours),52,225,3360,11.3761
DQN (ours),52,226,3374,21.9332
DQN (ours),52,227,3388,25.4058
DQN (ours),52,228,3402,4.0016
DQN (ours),52,229,3402,21.3999
DQN (ours),52,230,3430,20.5739
DQN (ours),52,231,3430,8.6180
DQN (ours),52,232,3514,7.7965
DQN (ours),52,233,3514,8.4370
DQN (ours),52,234,3542,21.2833
DQN (ours),52,235,3542,14.5796
DQN (ours),52,236,3542,21.2413
DQN (ours),52,237,3570,7.6013
DQN (ours),52,238,3584,20.8480
DQN (ours),52,239,3640,22.5450
DQN (ours),52,240,3682,16.9184
DQN (ours),52,241,3710,21.0070
DQN (ours),52,242,3752,1.6001
DQN (ours),52,243,3752,11.6448
DQN (ours),52,244,3766,14.1878
DQN (ours),52,245,3780,20.9716
DQN (ours),52,246,3794,22.1859
DQN (ours),52,247,3822,21.8706
DQN (ours),52,248,3836,13.0649
DQN (ours),52,249,3850,20.5739
DQN (ours),52,250,3878,21.9609
DQN (ours),52,251,3892,16.1859
DQN (ours),52,252,3920,4.5970
DQN (ours),52,253,3920,3.2171
DQN (ours),52,254,3934,20.9580
DQN (ours),52,255,3934,20.4545
DQN (ours),52,256,3962,11.0847
DQN (ours),52,257,4046,6.7704
DQN (ours),52,258,4060,14.7382
DQN (ours),52,259,4060,21.4717
DQN (ours),52,260,4102,21.1254
DQN (ours),52,261,4144,12.5987
DQN (ours),52,262,4172,5.3743
DQN (ours),52,263,4172,20.5398
DQN (ours),52,264,4186,1.6001
DQN (ours),52,265,4200,23.8266
DQN (ours),52,266,4214,21.3671
DQN (ours),52,267,4242,21.2437
DQN (ours),52,268,4298,21.8457
DQN (ours),52,269,4312,3.5576
DQN (ours),52,270,4312,20.6512
DQN (ours),52,271,4340,20.8862
DQN (ours),52,272,4354,9.9260
DQN (ours),52,273,4354,23.4184
DQN (ours),52,274,4354,3.0488
DQN (ours),52,275,4354,15.0449
DQN (ours),52,276,4382,21.2013
DQN (ours),52,277,4396,3.8524
DQN (ours),52,278,4424,22.0584
DQN (ours),52,279,4452,7.7233
DQN (ours),52,280,4480,21.4346
DQN (ours),52,281,4480,4.7641
DQN (ours),52,282,4550,5.3942
DQN (ours),52,283,4578,12.2475
DQN (ours),52,284,4592,24.0531
DQN (ours),52,285,4606,20.4545
DQN (ours),52,286,4606,5.5399
DQN (ours),52,287,4620,20.4545
DQN (ours),52,288,4634,21.3942
DQN (ours),52,289,4676,13.5732
DQN (ours),52,290,4718,6.9553
DQN (ours),52,291,4732,8.1558
DQN (ours),52,292,4760,9.2868
DQN (ours),52,293,4760,22.2388
DQN (ours),52,294,4774,22.2446
DQN (ours),52,295,4774,21.3350
DQN (ours),52,296,4774,1.6000
DQN (ours),52,297,4774,21.4102
DQN (ours),52,298,4802,21.3095
DQN (ours),52,299,4802,13.7311
DQN (ours),52,300,4830,8.4094
DQN (ours),52,301,4830,2.4487
DQN (ours),52,302,4844,1.8555
DQN (ours),52,303,4844,19.6117
DQN (ours),52,304,4858,3.6559
DQN (ours),52,305,4858,4.0151
DQN (ours),52,306,4942,19.6459
DQN (ours),52,307,4942,6.1989
DQN (ours),52,308,4998,8.4436
DQN (ours),52,309,5040,5.5533
DQN (ours),52,310,5040,21.8833
DQN (ours),52,311,5054,21.9313
DQN (ours),52,312,5096,13.5719
DQN (ours),52,313,5096,1.7649
DQN (ours),52,314,5124,7.1547
DQN (ours),52,315,5138,23.1438
DQN (ours),52,316,5180,20.4545
DQN (ours),52,317,5180,22.0839
DQN (ours),52,318,5194,20.6909
DQN (ours),52,319,5222,21.8828
DQN (ours),52,320,5236,9.7658
DQN (ours),52,321,5250,9.1989
DQN (ours),52,322,5250,21.4180
DQN (ours),52,323,5264,7.3604
DQN (ours),52,324,5264,2.8466
DQN (ours),52,325,5264,20.9089
DQN (ours),52,326,5278,20.6534
DQN (ours),52,327,5292,11.2448
DQN (ours),52,328,5348,23.9687
DQN (ours),52,329,5362,11.5187
DQN (ours),52,330,5404,11.9572
DQN (ours),52,331,5418,2.5991
DQN (ours),52,332,5418,9.0420
DQN (ours),52,333,5446,8.4046
DQN (ours),52,334,5460,22.2345
DQN (ours),52,335,5502,4.5630
DQN (ours),52,336,5502,2.5661
DQN (ours),52,337,5530,6.0433
DQN (ours),52,338,5544,21.3198
DQN (ours),52,339,5558,10.8955
DQN (ours),52,340,5572,17.3034
DQN (ours),52,341,5600,22.2820
DQN (ours),52,342,5600,23.3514
DQN (ours),52,343,5614,20.5235
DQN (ours),52,344,5642,5.1607
DQN (ours),52,345,5656,14.7642
DQN (ours),52,346,5670,4.9275
DQN (ours),52,347,5670,8.6122
DQN (ours),52,348,5670,24.4965
DQN (ours),52,349,5684,24.7423
DQN (ours),52,350,5698,21.3731
DQN (ours),52,351,5698,9.3321
DQN (ours),52,352,5712,14.3318
DQN (ours),52,353,5726,2.9611
DQN (ours),52,354,5740,3.5576
DQN (ours),52,355,5768,7.9590
DQN (ours),52,356,5782,9.6649
DQN (ours),52,357,5782,15.7490
DQN (ours),52,358,5782,10.4120
DQN (ours),52,359,5838,9.0815
DQN (ours),52,360,5838,2.2841
DQN (ours),52,361,5866,7.3942
DQN (ours),52,362,5880,14.8854
DQN (ours),52,363,5880,12.2716
DQN (ours),52,364,5894,6.4912
DQN (ours),52,365,5908,11.4880
DQN (ours),52,366,5908,1.6023
DQN (ours),52,367,5908,3.9553
DQN (ours),52,368,5922,20.9047
DQN (ours),52,369,5950,2.3993
DQN (ours),52,370,6062,9.0062
DQN (ours),52,371,6090,20.4545
DQN (ours),52,372,6104,22.2794
DQN (ours),52,373,6118,22.1988
DQN (ours),52,374,6132,12.5970
DQN (ours),52,375,6132,18.9982
DQN (ours),52,376,6146,20.8106
DQN (ours),52,377,6160,1.5982
DQN (ours),52,378,6202,20.6909
DQN (ours),52,379,6202,2.7613
DQN (ours),52,380,6202,20.6570
DQN (ours),52,381,6202,1.7871
DQN (ours),52,382,6230,0.7989
DQN (ours),52,383,6258,9.7903
DQN (ours),52,384,6286,4.7583
DQN (ours),52,385,6300,21.3600
DQN (ours),52,386,6328,22.2714
DQN (ours),52,387,6328,20.4545
DQN (ours),52,388,6342,21.1924
DQN (ours),52,389,6342,7.6611
DQN (ours),52,390,6356,8.5660
DQN (ours),52,391,6370,20.4545
DQN (ours),52,392,6412,3.3635
DQN (ours),52,393,6412,9.8754
DQN (ours),52,394,6426,15.6964
DQN (ours),52,395,6454,9.9257
DQN (ours),52,396,6482,22.1907
DQN (ours),52,397,6496,4.5649
DQN (ours),52,398,6496,8.7587
DQN (ours),52,399,6524,9.6037
DQN (ours),52,400,6524,5.2035
DQN (ours),52,401,6524,1.8842
DQN (ours),52,402,6524,22.9570
DQN (ours),52,403,6538,9.6785
DQN (ours),52,404,6552,1.1962
DQN (ours),52,405,6552,21.0841
DQN (ours),52,406,6622,7.3134
DQN (ours),52,407,6622,15.6673
DQN (ours),52,408,6650,20.5739
DQN (ours),52,409,6720,23.3498
DQN (ours),52,410,6762,24.8857
DQN (ours),52,411,6790,14.0706
DQN (ours),52,412,6818,14.8626
DQN (ours),52,413,6832,22.4217
DQN (ours),52,414,6874,15.7993
DQN (ours),52,415,6874,20.9636
DQN (ours),52,416,6930,24.4387
DQN (ours),52,417,6944,21.5194
DQN (ours),52,418,6944,27.2828
DQN (ours),52,419,6972,25.2542
DQN (ours),52,420,6972,24.4928
DQN (ours),52,421,7014,10.6147
DQN (ours),52,422,7028,16.0289
DQN (ours),52,423,7042,3.3619
DQN (ours),52,424,7042,20.8819
DQN (ours),52,425,7070,21.0850
DQN (ours),52,426,7112,4.9590
DQN (ours),52,427,7126,4.7583
DQN (ours),52,428,7140,5.8293
DQN (ours),52,429,7154,1.7194
DQN (ours),52,430,7154,15.4902
DQN (ours),52,431,7168,1.9584
DQN (ours),52,432,7182,21.2081
DQN (ours),52,433,7210,20.5457
DQN (ours),52,434,7238,21.2378
DQN (ours),52,435,7252,21.8820
DQN (ours),52,436,7252,1.6000
DQN (ours),52,437,7294,5.8103
DQN (ours),52,438,7322,9.2776
DQN (ours),52,439,7350,21.4492
DQN (ours),52,440,7364,20.8988
DQN (ours),52,441,7364,23.6217
DQN (ours),52,442,7392,19.4088
DQN (ours),52,443,7392,21.8103
DQN (ours),52,444,7406,16.5109
DQN (ours),52,445,7420,17.4326
DQN (ours),52,446,7518,16.0975
DQN (ours),52,447,7518,10.8470
DQN (ours),52,448,7560,11.0078
DQN (ours),52,449,7574,9.4115
DQN (ours),52,450,7574,20.8834
DQN (ours),52,451,7602,20.7676
DQN (ours),52,452,7658,22.4314
DQN (ours),52,453,7672,21.9353
DQN (ours),52,454,7686,10.5594
DQN (ours),52,455,7714,23.1580
DQN (ours),52,456,7714,2.7591
DQN (ours),52,457,7728,1.9974
DQN (ours),52,458,7770,20.8804
DQN (ours),52,459,7784,22.1528
DQN (ours),52,460,7784,22.0340
DQN (ours),52,461,7812,22.0848
DQN (ours),52,462,7840,20.9739
DQN (ours),52,463,7896,11.7093
DQN (ours),52,464,7938,21.9182
DQN (ours),52,465,7938,19.6084
DQN (ours),52,466,7952,9.1633
DQN (ours),52,467,7980,20.8081
DQN (ours),52,468,7994,21.8066
DQN (ours),52,469,8022,6.5661
DQN (ours),52,470,8022,23.1109
DQN (ours),52,471,8134,21.2358
DQN (ours),52,472,8134,24.3089
DQN (ours),52,473,8148,21.0882
DQN (ours),52,474,8190,21.0161
DQN (ours),52,475,8204,22.4010
DQN (ours),52,476,8232,20.9718
DQN (ours),52,477,8232,10.4557
DQN (ours),52,478,8260,23.8311
DQN (ours),52,479,8358,9.1645
DQN (ours),52,480,8358,24.2217
DQN (ours),52,481,8358,24.9403
DQN (ours),52,482,8372,20.8556
DQN (ours),52,483,8400,21.4406
DQN (ours),52,484,8414,20.6883
DQN (ours),52,485,8414,2.5942
DQN (ours),52,486,8442,3.7563
DQN (ours),52,487,8442,20.8988
DQN (ours),52,488,8512,2.8444
DQN (ours),52,489,8526,5.0091
DQN (ours),52,490,8554,21.9846
DQN (ours),52,491,8554,21.9485
DQN (ours),52,492,8568,22.1456
DQN (ours),52,493,8596,9.5003
DQN (ours),52,494,8610,23.4398
DQN (ours),52,495,8652,22.1489
DQN (ours),52,496,8652,20.7637
DQN (ours),52,497,8666,15.1977
DQN (ours),52,498,8666,2.4034
DQN (ours),52,499,8666,3.3713
DQN (ours),52,500,8680,21.1468
DQN (ours),52,501,8736,11.6069
DQN (ours),52,502,8750,4.8046
DQN (ours),52,503,8778,21.0171
DQN (ours),52,504,8834,22.1853
DQN (ours),52,505,8862,21.6403
DQN (ours),52,506,8876,11.6028
DQN (ours),52,507,8918,1.9602
DQN (ours),52,508,8946,6.3602
DQN (ours),52,509,8946,21.8774
DQN (ours),52,510,8974,21.9476
DQN (ours),52,511,8974,23.2250
DQN (ours),52,512,8988,22.5104
DQN (ours),52,513,9058,7.5997
DQN (ours),52,514,9072,20.4545
DQN (ours),52,515,9086,22.5555
DQN (ours),52,516,9086,5.7669
DQN (ours),52,517,9086,4.8046
DQN (ours),52,518,9086,24.8480
DQN (ours),52,519,9100,23.7829
DQN (ours),52,520,9114,1.6023
DQN (ours),52,521,9156,1.7649
DQN (ours),52,522,9156,21.2350
DQN (ours),52,523,9170,21.0043
DQN (ours),52,524,9198,21.0005
DQN (ours),52,525,9268,10.1295
DQN (ours),52,526,9282,22.5746
DQN (ours),52,527,9310,18.5439
DQN (ours),52,528,9310,5.7925
DQN (ours),52,529,9366,21.4806
DQN (ours),52,530,9394,21.6457
DQN (ours),52,531,9478,22.7941
DQN (ours),52,532,9506,21.9217
DQN (ours),52,533,9506,21.6735
DQN (ours),52,534,9506,23.3128
DQN (ours),52,535,9520,21.0902
DQN (ours),52,536,9562,2.9971
DQN (ours),52,537,9576,21.8396
DQN (ours),52,538,9576,21.6758
DQN (ours),52,539,9590,21.2898
DQN (ours),52,540,9618,17.5257
DQN (ours),52,541,9632,3.2001
DQN (ours),52,542,9660,4.7583
DQN (ours),52,543,9688,22.4754
DQN (ours),52,544,9702,21.9923
DQN (ours),52,545,9730,21.9174
DQN (ours),52,546,9786,20.7727
DQN (ours),52,547,9814,23.4543
DQN (ours),52,548,9884,12.3705
DQN (ours),52,549,9898,20.8909
DQN (ours),52,550,9926,22.2039
DQN (ours),52,551,9926,23.0282
DQN (ours),52,552,9940,21.6410
DQN (ours),52,553,9982,8.6094
DQN (ours),52,554,9982,19.9867
DQN (ours),52,555,9996,20.5367
DQN (ours),52,556,9996,22.0830
DQN (ours),52,557,10010,3.9953
DQN (ours),52,558,10038,20.7049
DQN (ours),52,559,10108,10.5954
DQN (ours),52,560,10108,21.1965
DQN (ours),52,561,10122,23.4190
DQN (ours),52,562,10136,6.8921
DQN (ours),52,563,10150,21.9506
DQN (ours),52,564,10164,2.5661
DQN (ours),52,565,10164,9.3670
DQN (ours),52,566,10206,21.2592
DQN (ours),52,567,10290,14.8986
DQN (ours),52,568,10304,23.2184
DQN (ours),52,569,10318,21.6669
DQN (ours),52,570,10346,20.9803
DQN (ours),52,571,10388,13.5435
DQN (ours),52,572,10402,24.1017
DQN (ours),52,573,10402,22.5932
DQN (ours),52,574,10444,4.8027
DQN (ours),52,575,10458,21.2876
DQN (ours),52,576,10528,22.1506
DQN (ours),52,577,10556,20.5716
DQN (ours),52,578,10570,22.5133
DQN (ours),52,579,10584,22.1174
DQN (ours),52,580,10584,21.0489
DQN (ours),52,581,10612,3.9960
DQN (ours),52,582,10626,23.5790
DQN (ours),52,583,10626,18.1832
DQN (ours),52,584,10682,4.5633
DQN (ours),52,585,10682,2.7943
DQN (ours),52,586,10696,8.0020
DQN (ours),52,587,10724,14.0226
DQN (ours),52,588,10724,20.5716
DQN (ours),52,589,10738,21.7589
DQN (ours),52,590,10766,9.5572
DQN (ours),52,591,10808,24.1690
DQN (ours),52,592,10822,20.6891
DQN (ours),52,593,10822,20.5716
DQN (ours),52,594,10864,23.9385
DQN (ours),52,595,10892,11.9932
DQN (ours),52,596,10892,9.9728
DQN (ours),52,597,10906,14.1477
DQN (ours),52,598,10920,19.4375
DQN (ours),52,599,10934,3.1986
DQN (ours),52,600,10990,21.0103
DQN (ours),52,601,11032,6.5209
DQN (ours),52,602,11046,21.2785
DQN (ours),52,603,11060,15.3946
DQN (ours),52,604,11074,21.5977
DQN (ours),52,605,11088,11.1497
DQN (ours),52,606,11102,14.4518
DQN (ours),52,607,11130,17.8216
DQN (ours),52,608,11144,23.6951
DQN (ours),52,609,11144,21.1267
DQN (ours),52,610,11158,3.9572
DQN (ours),52,611,11186,22.6386
DQN (ours),52,612,11270,3.9997
DQN (ours),52,613,11284,7.0005
DQN (ours),52,614,11284,11.9540
DQN (ours),52,615,11312,21.4380
DQN (ours),52,616,11326,21.1988
DQN (ours),52,617,11326,16.1575
DQN (ours),52,618,11340,11.9044
DQN (ours),52,619,11340,9.6438
DQN (ours),52,620,11354,20.6932
DQN (ours),52,621,11410,24.0023
DQN (ours),52,622,11438,9.7601
DQN (ours),52,623,11452,24.0622
DQN (ours),52,624,11466,20.5398
DQN (ours),52,625,11494,21.1628
DQN (ours),52,626,11564,24.2214
DQN (ours),52,627,11578,11.5866
DQN (ours),52,628,11606,7.2027
DQN (ours),52,629,11606,18.5377
DQN (ours),52,630,11634,2.5883
DQN (ours),52,631,11648,13.2172
DQN (ours),52,632,11648,9.7711
DQN (ours),52,633,11648,12.2789
DQN (ours),52,634,11662,9.4775
DQN (ours),52,635,11690,20.5051
DQN (ours),52,636,11704,21.4977
DQN (ours),52,637,11732,21.6297
DQN (ours),52,638,11746,22.7306
DQN (ours),52,639,11746,4.0057
DQN (ours),52,640,11746,23.6631
DQN (ours),52,641,11774,22.6754
DQN (ours),52,642,11816,4.5593
DQN (ours),52,643,11844,12.2380
DQN (ours),52,644,11858,9.7601
DQN (ours),52,645,11900,2.7573
DQN (ours),52,646,11900,7.8035
DQN (ours),52,647,11942,14.8051
DQN (ours),52,648,11942,10.7343
DQN (ours),52,649,11984,8.4964
DQN (ours),52,650,11984,21.2533
DQN (ours),52,651,11998,17.5514
DQN (ours),52,652,12026,23.7862
DQN (ours),52,653,12026,6.8075
DQN (ours),52,654,12026,24.2791
DQN (ours),52,655,12068,22.3478
DQN (ours),52,656,12068,22.0803
DQN (ours),52,657,12082,16.5342
DQN (ours),52,658,12110,9.9625
DQN (ours),52,659,12166,20.8174
DQN (ours),52,660,12166,6.8114
DQN (ours),52,661,12180,8.9553
DQN (ours),52,662,12222,13.3778
DQN (ours),52,663,12222,1.9602
DQN (ours),52,664,12250,13.0477
DQN (ours),52,665,12264,9.6471
DQN (ours),52,666,12278,10.3539
DQN (ours),52,667,12278,24.0183
DQN (ours),52,668,12320,23.0306
DQN (ours),52,669,12320,9.9590
DQN (ours),52,670,12334,9.6493
DQN (ours),52,671,12362,20.5739
DQN (ours),52,672,12404,25.1690
DQN (ours),52,673,12418,21.1025
DQN (ours),52,674,12460,20.7911
DQN (ours),52,675,12530,6.4020
DQN (ours),52,676,12530,25.1477
DQN (ours),52,677,12586,12.2021
DQN (ours),52,678,12642,22.0360
DQN (ours),52,679,12642,23.6184
DQN (ours),52,680,12656,23.4909
DQN (ours),52,681,12684,24.5027
DQN (ours),52,682,12698,22.1764
DQN (ours),52,683,12698,24.5081
DQN (ours),52,684,12740,22.3084
DQN (ours),52,685,12740,25.5715
DQN (ours),52,686,12754,22.5163
DQN (ours),52,687,12768,10.0410
DQN (ours),52,688,12838,22.0733
DQN (ours),52,689,12838,5.1250
DQN (ours),52,690,12880,20.8334
DQN (ours),52,691,12950,20.5739
DQN (ours),52,692,12950,24.5402
DQN (ours),52,693,13062,6.7529
DQN (ours),52,694,13062,21.9245
DQN (ours),52,695,13062,26.1063
DQN (ours),52,696,13076,21.7192
DQN (ours),52,697,13104,22.5566
DQN (ours),52,698,13118,21.0057
DQN (ours),52,699,13118,21.5156
DQN (ours),52,700,13146,3.9982
DQN (ours),52,701,13160,22.4656
DQN (ours),52,702,13160,5.7579
DQN (ours),52,703,13174,21.1750
DQN (ours),52,704,13188,22.9568
DQN (ours),52,705,13202,23.4590
DQN (ours),52,706,13258,20.6568
DQN (ours),52,707,13272,4.8898
DQN (ours),52,708,13300,25.2540
DQN (ours),52,709,13314,11.5972
DQN (ours),52,710,13328,20.1592
DQN (ours),52,711,13328,8.6649
DQN (ours),52,712,13384,13.9856
DQN (ours),52,713,13454,7.4000
DQN (ours),52,714,13482,21.3565
DQN (ours),52,715,13496,11.8875
DQN (ours),52,716,13496,22.7408
DQN (ours),52,717,13538,21.0363
DQN (ours),52,718,13580,22.5306
DQN (ours),52,719,13594,21.7093
DQN (ours),52,720,13608,9.5594
DQN (ours),52,721,13608,23.0075
DQN (ours),52,722,13622,19.9337
DQN (ours),52,723,13622,20.9318
DQN (ours),52,724,13678,11.4428
DQN (ours),52,725,13706,22.9789
DQN (ours),52,726,13720,21.0057
DQN (ours),52,727,13748,24.1688
DQN (ours),52,728,13762,14.0906
DQN (ours),52,729,13804,20.5739
DQN (ours),52,730,13888,19.2102
DQN (ours),52,731,13916,20.9670
DQN (ours),52,732,13958,20.9421
DQN (ours),52,733,14014,23.9814
DQN (ours),52,734,14014,13.3469
DQN (ours),52,735,14028,24.3538
DQN (ours),52,736,14028,21.5931
DQN (ours),52,737,14042,21.7382
DQN (ours),52,738,14042,21.9264
DQN (ours),52,739,14098,12.3630
DQN (ours),52,740,14098,22.1729
DQN (ours),52,741,14126,20.6883
DQN (ours),52,742,14140,21.1936
DQN (ours),52,743,14182,21.1852
DQN (ours),52,744,14224,22.9580
DQN (ours),52,745,14336,21.3179
DQN (ours),52,746,14350,18.1431
DQN (ours),52,747,14378,21.1254
DQN (ours),52,748,14434,21.0593
DQN (ours),52,749,14448,23.3849
DQN (ours),52,750,14448,20.8977
DQN (ours),52,751,14462,21.3555
DQN (ours),52,752,14462,21.2748
DQN (ours),52,753,14518,21.7157
DQN (ours),52,754,14518,24.3851
DQN (ours),52,755,14546,20.9275
DQN (ours),52,756,14546,18.3218
DQN (ours),52,757,14560,22.4085
DQN (ours),52,758,14602,2.4012
DQN (ours),52,759,14602,20.8755
DQN (ours),52,760,14756,22.2771
DQN (ours),52,761,14770,20.5739
DQN (ours),52,762,14798,22.1275
DQN (ours),52,763,14854,21.5014
DQN (ours),52,764,14868,22.4725
DQN (ours),52,765,14868,20.8542
DQN (ours),52,766,14882,23.0345
DQN (ours),52,767,14882,22.7895
DQN (ours),52,768,14938,21.8089
DQN (ours),52,769,14938,24.2212
DQN (ours),52,770,14966,22.5991
DQN (ours),52,771,14980,22.2673
DQN (ours),52,772,15022,22.5415
DQN (ours),52,773,15022,9.3692
DQN (ours),52,774,15022,21.6386
DQN (ours),52,775,15064,1.9602
DQN (ours),52,776,15078,7.8851
DQN (ours),52,777,15134,19.6090
DQN (ours),52,778,15134,13.6502
DQN (ours),52,779,15148,15.0933
DQN (ours),52,780,15176,24.4704
DQN (ours),52,781,15218,20.7154
DQN (ours),52,782,15260,6.1227
DQN (ours),52,783,15274,24.3279
DQN (ours),52,784,15302,8.9699
DQN (ours),52,785,15302,24.5989
DQN (ours),52,786,15358,23.5931
DQN (ours),52,787,15358,4.7866
DQN (ours),52,788,15386,24.5674
DQN (ours),52,789,15400,20.5739
DQN (ours),52,790,15428,19.0898
DQN (ours),52,791,15442,24.7327
DQN (ours),52,792,15442,22.0401
DQN (ours),52,793,15442,21.2273
DQN (ours),52,794,15442,10.2926
DQN (ours),52,795,15456,15.2210
DQN (ours),52,796,15484,7.1966
DQN (ours),52,797,15512,10.8922
DQN (ours),52,798,15568,20.6910
DQN (ours),52,799,15610,13.5641
DQN (ours),52,800,15610,14.3964
DQN (ours),52,801,15638,17.8875
DQN (ours),52,802,15638,22.3911
DQN (ours),52,803,15666,10.6125
DQN (ours),52,804,15694,14.0078
DQN (ours),52,805,15792,15.8223
DQN (ours),52,806,15820,19.0032
DQN (ours),52,807,15820,23.3115
DQN (ours),52,808,15834,14.9846
DQN (ours),52,809,15848,22.8750
DQN (ours),52,810,15862,3.2045
DQN (ours),52,811,15862,20.8103
DQN (ours),52,812,15862,24.2155
DQN (ours),52,813,15876,24.5021
DQN (ours),52,814,15918,10.8239
DQN (ours),52,815,15932,12.3639
DQN (ours),52,816,15960,1.6023
DQN (ours),52,817,16002,8.3585
DQN (ours),52,818,16016,12.2529
DQN (ours),52,819,16030,22.6150
DQN (ours),52,820,16030,22.2009
DQN (ours),52,821,16044,9.0004
DQN (ours),52,822,16058,21.3613
DQN (ours),52,823,16058,22.3708
DQN (ours),52,824,16240,22.8721
DQN (ours),52,825,16254,20.8932
DQN (ours),52,826,16268,24.2998
DQN (ours),52,827,16282,21.3174
DQN (ours),52,828,16282,22.4045
DQN (ours),52,829,16352,18.9466
DQN (ours),52,830,16352,20.8125
DQN (ours),52,831,16366,18.4945
DQN (ours),52,832,16380,24.4599
DQN (ours),52,833,16436,20.5716
DQN (ours),52,834,16436,7.8513
DQN (ours),52,835,16450,22.3860
DQN (ours),52,836,16464,20.8050
DQN (ours),52,837,16478,20.8050
DQN (ours),52,838,16478,23.1439
DQN (ours),52,839,16576,11.5233
DQN (ours),52,840,16660,21.4678
DQN (ours),52,841,16674,22.1082
DQN (ours),52,842,16702,21.8803
DQN (ours),52,843,16702,22.7036
DQN (ours),52,844,16716,8.2069
DQN (ours),52,845,16744,15.6864
DQN (ours),52,846,16758,19.9774
DQN (ours),52,847,16772,21.1519
DQN (ours),52,848,16772,21.2418
DQN (ours),52,849,16814,17.7216
DQN (ours),52,850,16814,5.8007
DQN (ours),52,851,16856,23.1850
DQN (ours),52,852,16856,21.9938
DQN (ours),52,853,16870,23.9824
DQN (ours),52,854,16898,21.3977
DQN (ours),52,855,16912,2.3985
DQN (ours),52,856,16926,3.1997
DQN (ours),52,857,16954,16.8828
DQN (ours),52,858,17094,21.9098
DQN (ours),52,859,17122,11.9865
DQN (ours),52,860,17122,21.7031
DQN (ours),52,861,17136,20.9694
DQN (ours),52,862,17164,21.5214
DQN (ours),52,863,17178,22.0282
DQN (ours),52,864,17192,23.8925
DQN (ours),52,865,17192,24.5731
DQN (ours),52,866,17234,20.8841
DQN (ours),52,867,17234,23.8998
DQN (ours),52,868,17290,22.8887
DQN (ours),52,869,17318,22.5975
DQN (ours),52,870,17332,20.6910
DQN (ours),52,871,17346,7.4943
DQN (ours),52,872,17374,21.2134
DQN (ours),52,873,17472,8.2487
DQN (ours),52,874,17514,21.7528
DQN (ours),52,875,17542,24.5713
DQN (ours),52,876,17542,21.3170
DQN (ours),52,877,17556,21.3770
DQN (ours),52,878,17584,21.0818
DQN (ours),52,879,17598,21.0035
DQN (ours),52,880,17598,13.2788
DQN (ours),52,881,17612,22.8235
DQN (ours),52,882,17654,22.4494
DQN (ours),52,883,17654,21.6279
DQN (ours),52,884,17710,21.1761
DQN (ours),52,885,17752,21.5486
DQN (ours),52,886,17766,22.7452
DQN (ours),52,887,17892,23.0691
DQN (ours),52,888,17934,20.5739
DQN (ours),52,889,17962,23.0363
DQN (ours),52,890,17962,22.3547
DQN (ours),52,891,17976,22.0213
DQN (ours),52,892,18004,21.5628
DQN (ours),52,893,18018,21.1217
DQN (ours),52,894,18018,22.2256
DQN (ours),52,895,18032,22.1977
DQN (ours),52,896,18074,22.0795
DQN (ours),52,897,18074,24.1710
DQN (ours),52,898,18130,22.5900
DQN (ours),52,899,18172,21.2841
DQN (ours),52,900,18186,21.3545
DQN (ours),52,901,18228,12.1281
DQN (ours),52,902,18242,15.2168
DQN (ours),52,903,18312,20.7705
DQN (ours),52,904,18326,12.5092
DQN (ours),52,905,18354,22.2115
DQN (ours),52,906,18382,21.3732
DQN (ours),52,907,18382,21.5896
DQN (ours),52,908,18438,20.6883
DQN (ours),52,909,18438,20.4545
DQN (ours),52,910,18452,20.8521
DQN (ours),52,911,18466,19.7969
DQN (ours),52,912,18550,21.8429
DQN (ours),52,913,18564,10.8123
DQN (ours),52,914,18592,22.5926
DQN (ours),52,915,18606,20.7375
DQN (ours),52,916,18648,23.0621
DQN (ours),52,917,18662,22.4464
DQN (ours),52,918,18732,21.7578
DQN (ours),52,919,18732,3.1979
DQN (ours),52,920,18746,22.0427
DQN (ours),52,921,18774,22.5181
DQN (ours),52,922,18802,23.2627
DQN (ours),52,923,18858,21.5160
DQN (ours),52,924,18858,22.3146
DQN (ours),52,925,18872,22.4655
DQN (ours),52,926,18886,22.6611
DQN (ours),52,927,18914,18.1035
DQN (ours),52,928,18956,20.9523
DQN (ours),52,929,18998,22.2598
DQN (ours),52,930,19026,23.0210
DQN (ours),52,931,19054,11.1185
DQN (ours),52,932,19068,24.6517
DQN (ours),52,933,19082,10.0080
DQN (ours),52,934,19124,20.8026
DQN (ours),52,935,19152,24.1024
DQN (ours),52,936,19152,21.7578
DQN (ours),52,937,19194,21.7100
DQN (ours),52,938,19222,23.0227
DQN (ours),52,939,19236,10.4672
DQN (ours),52,940,19278,20.6909
DQN (ours),52,941,19292,24.3727
DQN (ours),52,942,19334,24.2320
DQN (ours),52,943,19362,3.1970
DQN (ours),52,944,19362,9.5982
DQN (ours),52,945,19376,24.5382
DQN (ours),52,946,19418,21.5196
DQN (ours),52,947,19446,16.4403
DQN (ours),52,948,19460,20.7522
DQN (ours),52,949,19474,11.8697
DQN (ours),52,950,19488,21.3611
DQN (ours),52,951,19502,24.5010
DQN (ours),52,952,19572,23.9427
DQN (ours),52,953,19572,21.3918
DQN (ours),52,954,19614,15.1691
DQN (ours),52,955,19628,9.7953
DQN (ours),52,956,19642,9.2128
DQN (ours),52,957,19642,23.5318
DQN (ours),52,958,19698,12.9024
DQN (ours),52,959,19698,22.8996
DQN (ours),52,960,19726,4.0057
DQN (ours),52,961,19782,23.2774
DQN (ours),52,962,19782,24.1471
DQN (ours),52,963,19796,22.1261
DQN (ours),52,964,19838,25.9643
DQN (ours),52,965,19852,3.5558
DQN (ours),52,966,19908,21.8815
DQN (ours),52,967,19922,15.3943
DQN (ours),52,968,19922,21.9276
DQN (ours),52,969,19992,12.1514
DQN (ours),52,970,19992,21.3551
DQN (ours),52,971,19992,22.0305
DQN (ours),52,972,20034,22.5461
DQN (ours),52,973,20048,21.1371
DQN (ours),52,974,20076,13.2753
DQN (ours),52,975,20118,21.3069
DQN (ours),52,976,20118,24.3001
DQN (ours),52,977,20146,22.6657
DQN (ours),52,978,20174,14.8103
DQN (ours),52,979,20216,22.2168
DQN (ours),52,980,20230,18.0092
DQN (ours),52,981,20258,15.2364
DQN (ours),52,982,20272,23.5685
DQN (ours),52,983,20342,22.8226
DQN (ours),52,984,20412,13.8006
DQN (ours),52,985,20412,21.6931
DQN (ours),52,986,20412,22.6705
DQN (ours),52,987,20426,21.6996
DQN (ours),52,988,20468,21.9657
DQN (ours),52,989,20482,20.2081
DQN (ours),52,990,20496,22.3523
DQN (ours),52,991,20538,21.0032
DQN (ours),52,992,20538,21.0149
DQN (ours),52,993,20622,9.3928
DQN (ours),52,994,20636,21.0179
DQN (ours),52,995,20650,21.8714
DQN (ours),52,996,20678,21.3988
DQN (ours),52,997,20692,24.8086
DQN (ours),52,998,20762,21.0869
DQN (ours),52,999,20832,24.5502
DQN (ours),52,1000,20832,21.7571
DQN (ours),52,1001,20832,21.3906
DQN (ours),52,1002,20846,4.0035
DQN (ours),52,1003,20846,22.0729
DQN (ours),52,1004,20888,2.4012
DQN (ours),52,1005,20902,23.0696
DQN (ours),52,1006,20902,14.3738
DQN (ours),52,1007,20916,21.8329
DQN (ours),52,1008,20958,21.5912
DQN (ours),52,1009,20958,25.4698
DQN (ours),52,1010,21014,17.4970
DQN (ours),52,1011,21028,3.7563
DQN (ours),52,1012,21042,21.3594
DQN (ours),52,1013,21056,20.8125
DQN (ours),52,1014,21112,21.2139
DQN (ours),52,1015,21238,9.8207
DQN (ours),52,1016,21252,24.1805
DQN (ours),52,1017,21252,23.8248
DQN (ours),52,1018,21266,25.0070
DQN (ours),52,1019,21266,21.0786
DQN (ours),52,1020,21308,22.2367
DQN (ours),52,1021,21322,20.7737
DQN (ours),52,1022,21322,22.0455
DQN (ours),52,1023,21336,20.5716
DQN (ours),52,1024,21378,23.5874
DQN (ours),52,1025,21434,22.2351
DQN (ours),52,1026,21448,24.3351
DQN (ours),52,1027,21476,24.1649
DQN (ours),52,1028,21532,23.9482
DQN (ours),52,1029,21574,20.6854
DQN (ours),52,1030,21658,21.4314
DQN (ours),52,1031,21672,22.0757
DQN (ours),52,1032,21686,23.7943
DQN (ours),52,1033,21686,22.3771
DQN (ours),52,1034,21728,21.6186
DQN (ours),52,1035,21742,21.0552
DQN (ours),52,1036,21742,20.4545
DQN (ours),52,1037,21756,22.1966
DQN (ours),52,1038,21798,21.6421
DQN (ours),52,1039,21854,20.9791
DQN (ours),52,1040,21868,9.1421
DQN (ours),52,1041,21868,22.0307
DQN (ours),52,1042,21896,22.3502
DQN (ours),52,1043,21952,21.7194
DQN (ours),52,1044,21994,21.6224
DQN (ours),52,1045,22078,22.0268
DQN (ours),52,1046,22092,21.6835
DQN (ours),52,1047,22106,21.2777
DQN (ours),52,1048,22148,21.7648
DQN (ours),52,1049,22162,21.9148
DQN (ours),52,1050,22162,22.6926
DQN (ours),52,1051,22176,21.4070
DQN (ours),52,1052,22218,21.8418
DQN (ours),52,1053,22274,2.3975
DQN (ours),52,1054,22274,20.8490
DQN (ours),52,1055,22288,20.4545
DQN (ours),52,1056,22288,21.3320
DQN (ours),52,1057,22316,22.0705
DQN (ours),52,1058,22372,22.6590
DQN (ours),52,1059,22414,23.6251
DQN (ours),52,1060,22428,16.1577
DQN (ours),52,1061,22498,21.9091
DQN (ours),52,1062,22512,21.4485
DQN (ours),52,1063,22540,14.2901
DQN (ours),52,1064,22554,22.0588
DQN (ours),52,1065,22568,21.6740
DQN (ours),52,1066,22582,21.1796
DQN (ours),52,1067,22596,21.6010
DQN (ours),52,1068,22596,1.5974
DQN (ours),52,1069,22694,22.4407
DQN (ours),52,1070,22708,21.0834
DQN (ours),52,1071,22708,21.2251
DQN (ours),52,1072,22736,21.2488
DQN (ours),52,1073,22764,14.8555
DQN (ours),52,1074,22792,22.3156
DQN (ours),52,1075,22834,21.2482
DQN (ours),52,1076,22848,23.4859
DQN (ours),52,1077,22932,24.6553
DQN (ours),52,1078,22960,22.1941
DQN (ours),52,1079,22988,21.4384
DQN (ours),52,1080,23002,21.6444
DQN (ours),52,1081,23016,21.9577
DQN (ours),52,1082,23016,22.6406
DQN (ours),52,1083,23058,1.5982
DQN (ours),52,1084,23086,19.6999
DQN (ours),52,1085,23100,13.6736
DQN (ours),52,1086,23128,22.7793
DQN (ours),52,1087,23128,23.7820
DQN (ours),52,1088,23156,22.4611
DQN (ours),52,1089,23184,22.2292
DQN (ours),52,1090,23212,21.1228
DQN (ours),52,1091,23268,22.1533
DQN (ours),52,1092,23352,21.6023
DQN (ours),52,1093,23366,14.8971
DQN (ours),52,1094,23380,20.9274
DQN (ours),52,1095,23408,23.5544
DQN (ours),52,1096,23422,21.9169
DQN (ours),52,1097,23436,21.5723
DQN (ours),52,1098,23478,22.3432
DQN (ours),52,1099,23520,19.5129
DQN (ours),52,1100,23520,21.5185
DQN (ours),52,1101,23534,6.5935
DQN (ours),52,1102,23548,24.3320
DQN (ours),52,1103,23548,21.4280
DQN (ours),52,1104,23576,22.0200
DQN (ours),52,1105,23618,20.6436
DQN (ours),52,1106,23660,8.9572
DQN (ours),52,1107,23688,21.3515
DQN (ours),52,1108,23772,21.3595
DQN (ours),52,1109,23786,21.5636
DQN (ours),52,1110,23800,21.6026
DQN (ours),52,1111,23800,19.8762
DQN (ours),52,1112,23842,17.1224
DQN (ours),52,1113,23856,23.9294
DQN (ours),52,1114,23898,21.5151
DQN (ours),52,1115,23940,21.4829
DQN (ours),52,1116,23954,24.4079
DQN (ours),52,1117,23968,22.0848
DQN (ours),52,1118,23982,1.6001
DQN (ours),52,1119,23996,10.1123
DQN (ours),52,1120,23996,21.6045
DQN (ours),52,1121,24038,21.1305
DQN (ours),52,1122,24080,3.7366
DQN (ours),52,1123,24080,21.5187
DQN (ours),52,1124,24108,21.9139
DQN (ours),52,1125,24192,21.6780
DQN (ours),52,1126,24206,21.7614
DQN (ours),52,1127,24220,23.4289
DQN (ours),52,1128,24220,21.7739
DQN (ours),52,1129,24276,21.6186
DQN (ours),52,1130,24318,20.9062
DQN (ours),52,1131,24374,22.0910
DQN (ours),52,1132,24388,22.2021
DQN (ours),52,1133,24402,17.4819
DQN (ours),52,1134,24402,21.1420
DQN (ours),52,1135,24416,21.0253
DQN (ours),52,1136,24500,21.7576
DQN (ours),52,1137,24500,21.0071
DQN (ours),52,1138,24528,20.9987
DQN (ours),52,1139,24612,22.2509
DQN (ours),52,1140,24626,22.0257
DQN (ours),52,1141,24640,21.4161
DQN (ours),52,1142,24640,22.3924
DQN (ours),52,1143,24696,21.6024
DQN (ours),52,1144,24738,21.3238
DQN (ours),52,1145,24794,20.9391
DQN (ours),52,1146,24808,21.4182
DQN (ours),52,1147,24822,21.0081
DQN (ours),52,1148,24822,3.8819
DQN (ours),52,1149,24822,21.3753
DQN (ours),52,1150,24836,21.0498
DQN (ours),52,1151,24920,21.3380
DQN (ours),52,1152,24920,21.9191
DQN (ours),52,1153,24948,20.9751
