agent,seed,episode,timestep,reward
DQN (ours),52,1,36,2.4771
DQN (ours),52,2,48,3.2023
DQN (ours),52,3,48,3.1982
DQN (ours),52,4,72,1.2766
DQN (ours),52,5,84,1.6001
DQN (ours),52,6,120,7.4872
DQN (ours),52,7,132,8.0177
DQN (ours),52,8,144,3.7604
DQN (ours),52,9,168,11.0420
DQN (ours),52,10,180,13.0741
DQN (ours),52,11,180,10.9850
DQN (ours),52,12,204,6.0744
DQN (ours),52,13,204,3.9876
DQN (ours),52,14,228,15.6189
DQN (ours),52,15,324,15.5415
DQN (ours),52,16,348,21.2466
DQN (ours),52,17,348,22.4091
DQN (ours),52,18,348,24.1491
DQN (ours),52,19,396,20.9705
DQN (ours),52,20,396,2.4012
DQN (ours),52,21,408,12.0613
DQN (ours),52,22,408,3.3650
DQN (ours),52,23,420,14.5724
DQN (ours),52,24,432,14.7631
DQN (ours),52,25,468,18.4998
DQN (ours),52,26,480,9.3735
DQN (ours),52,27,492,21.6410
DQN (ours),52,28,504,9.3300
DQN (ours),52,29,516,20.0289
DQN (ours),52,30,516,6.8810
DQN (ours),52,31,528,23.3433
DQN (ours),52,32,540,7.0103
DQN (ours),52,33,564,0.9851
DQN (ours),52,34,600,15.1560
DQN (ours),52,35,624,12.2852
DQN (ours),52,36,624,13.2366
DQN (ours),52,37,636,8.1251
DQN (ours),52,38,636,4.5574
DQN (ours),52,39,648,11.5199
DQN (ours),52,40,672,2.3674
DQN (ours),52,41,672,11.5751
DQN (ours),52,42,672,7.9363
DQN (ours),52,43,708,1.7649
DQN (ours),52,44,732,12.5468
DQN (ours),52,45,732,17.3354
DQN (ours),52,46,744,6.6006
DQN (ours),52,47,768,1.6001
DQN (ours),52,48,780,9.8604
DQN (ours),52,49,816,17.9956
DQN (ours),52,50,828,8.3565
DQN (ours),52,51,828,22.4453
DQN (ours),52,52,864,1.9584
DQN (ours),52,53,876,13.3853
DQN (ours),52,54,876,14.0628
DQN (ours),52,55,876,6.5533
DQN (ours),52,56,876,7.1341
DQN (ours),52,57,888,2.8128
DQN (ours),52,58,900,4.9672
DQN (ours),52,59,900,11.5566
DQN (ours),52,60,900,19.5744
DQN (ours),52,61,936,18.4005
DQN (ours),52,62,972,4.0034
DQN (ours),52,63,972,17.7980
DQN (ours),52,64,996,7.8851
DQN (ours),52,65,996,5.9570
DQN (ours),52,66,1020,4.7308
DQN (ours),52,67,1092,6.7506
DQN (ours),52,68,1092,14.4516
DQN (ours),52,69,1116,14.6642
DQN (ours),52,70,1116,15.9809
DQN (ours),52,71,1128,1.9200
DQN (ours),52,72,1128,25.9190
DQN (ours),52,73,1176,3.3628
DQN (ours),52,74,1188,12.9351
DQN (ours),52,75,1212,5.1019
DQN (ours),52,76,1224,20.0755
DQN (ours),52,77,1236,20.6570
DQN (ours),52,78,1248,4.1665
DQN (ours),52,79,1248,22.2107
DQN (ours),52,80,1260,17.7848
DQN (ours),52,81,1284,18.3988
DQN (ours),52,82,1284,3.5121
DQN (ours),52,83,1296,3.9590
DQN (ours),52,84,1308,6.9572
DQN (ours),52,85,1332,14.2991
DQN (ours),52,86,1332,20.7486
DQN (ours),52,87,1344,3.5932
DQN (ours),52,88,1344,8.6626
DQN (ours),52,89,1356,7.1588
DQN (ours),52,90,1356,1.1962
DQN (ours),52,91,1368,7.3614
DQN (ours),52,92,1368,4.0854
DQN (ours),52,93,1380,1.1211
DQN (ours),52,94,1392,20.0737
DQN (ours),52,95,1404,1.7953
DQN (ours),52,96,1416,2.5205
DQN (ours),52,97,1452,6.9572
DQN (ours),52,98,1464,2.4771
DQN (ours),52,99,1464,8.1599
DQN (ours),52,100,1476,23.3358
DQN (ours),52,101,1500,2.7662
DQN (ours),52,102,1512,13.0797
DQN (ours),52,103,1512,16.8939
DQN (ours),52,104,1548,1.7672
DQN (ours),52,105,1572,15.7811
DQN (ours),52,106,1620,2.2489
DQN (ours),52,107,1644,16.1670
DQN (ours),52,108,1644,8.8014
DQN (ours),52,109,1656,6.5644
DQN (ours),52,110,1656,13.1670
DQN (ours),52,111,1668,23.9551
DQN (ours),52,112,1668,22.3820
DQN (ours),52,113,1680,12.4652
DQN (ours),52,114,1704,1.7953
DQN (ours),52,115,1716,21.1071
DQN (ours),52,116,1752,21.3411
DQN (ours),52,117,1776,5.9354
DQN (ours),52,118,1812,11.6038
DQN (ours),52,119,1824,22.5521
DQN (ours),52,120,1836,5.1914
DQN (ours),52,121,1836,12.7863
DQN (ours),52,122,1860,14.4456
DQN (ours),52,123,1860,8.8433
DQN (ours),52,124,1872,20.4545
DQN (ours),52,125,1896,1.7649
DQN (ours),52,126,1896,5.2004
DQN (ours),52,127,1944,6.0151
DQN (ours),52,128,1968,4.4064
DQN (ours),52,129,1980,17.8895
DQN (ours),52,130,1992,9.9061
DQN (ours),52,131,1992,12.9877
DQN (ours),52,132,2004,22.8659
DQN (ours),52,133,2016,21.2055
DQN (ours),52,134,2040,1.2784
DQN (ours),52,135,2040,21.0230
DQN (ours),52,136,2076,13.6826
DQN (ours),52,137,2076,13.5683
DQN (ours),52,138,2088,5.3319
DQN (ours),52,139,2112,8.2568
DQN (ours),52,140,2124,8.9294
DQN (ours),52,141,2124,15.0703
DQN (ours),52,142,2124,12.0565
DQN (ours),52,143,2136,6.6406
DQN (ours),52,144,2148,7.7829
DQN (ours),52,145,2184,6.2972
DQN (ours),52,146,2196,18.8176
DQN (ours),52,147,2208,3.9894
DQN (ours),52,148,2208,14.4666
DQN (ours),52,149,2244,7.0454
DQN (ours),52,150,2256,2.5942
DQN (ours),52,151,2268,4.7611
DQN (ours),52,152,2280,10.2931
DQN (ours),52,153,2280,8.1421
DQN (ours),52,154,2292,12.9439
DQN (ours),52,155,2304,14.3296
DQN (ours),52,156,2316,3.4002
DQN (ours),52,157,2364,15.4100
DQN (ours),52,158,2364,3.6818
DQN (ours),52,159,2376,15.3724
DQN (ours),52,160,2388,6.0478
DQN (ours),52,161,2400,1.1211
DQN (ours),52,162,2400,21.4125
DQN (ours),52,163,2424,3.2023
DQN (ours),52,164,2436,1.8498
DQN (ours),52,165,2484,2.7591
DQN (ours),52,166,2484,7.9928
DQN (ours),52,167,2484,14.2238
DQN (ours),52,168,2520,13.4900
DQN (ours),52,169,2544,21.7320
DQN (ours),52,170,2568,21.0957
DQN (ours),52,171,2592,13.9979
DQN (ours),52,172,2628,21.7991
DQN (ours),52,173,2640,20.8558
DQN (ours),52,174,2640,20.7683
DQN (ours),52,175,2652,9.8471
DQN (ours),52,176,2664,11.0244
DQN (ours),52,177,2712,4.6853
DQN (ours),52,178,2724,3.1975
DQN (ours),52,179,2724,17.3663
DQN (ours),52,180,2748,20.9376
DQN (ours),52,181,2748,11.4022
DQN (ours),52,182,2772,2.6013
DQN (ours),52,183,2796,15.8475
DQN (ours),52,184,2796,13.9719
DQN (ours),52,185,2808,15.7194
DQN (ours),52,186,2820,9.5968
DQN (ours),52,187,2820,20.9137
DQN (ours),52,188,2868,2.5965
DQN (ours),52,189,2868,6.3580
DQN (ours),52,190,2880,4.0012
DQN (ours),52,191,2892,17.1971
DQN (ours),52,192,2892,10.7442
DQN (ours),52,193,2916,11.1579
DQN (ours),52,194,2952,11.0856
DQN (ours),52,195,2964,10.2943
DQN (ours),52,196,3000,20.6252
DQN (ours),52,197,3012,10.8660
DQN (ours),52,198,3024,4.7547
DQN (ours),52,199,3024,9.2051
DQN (ours),52,200,3036,10.3547
DQN (ours),52,201,3048,1.9602
DQN (ours),52,202,3084,3.9590
DQN (ours),52,203,3084,20.6512
DQN (ours),52,204,3120,5.7583
DQN (ours),52,205,3156,23.4238
DQN (ours),52,206,3204,19.6216
DQN (ours),52,207,3228,24.6938
DQN (ours),52,208,3228,21.3707
DQN (ours),52,209,3264,1.7649
DQN (ours),52,210,3276,25.3814
DQN (ours),52,211,3288,11.4610
DQN (ours),52,212,3300,16.1116
DQN (ours),52,213,3300,12.3231
DQN (ours),52,214,3312,25.6714
DQN (ours),52,215,3360,24.0572
DQN (ours),52,216,3384,22.6688
DQN (ours),52,217,3420,7.2018
DQN (ours),52,218,3444,9.7731
DQN (ours),52,219,3444,13.2967
DQN (ours),52,220,3456,11.3376
DQN (ours),52,221,3456,10.3215
DQN (ours),52,222,3456,18.0773
DQN (ours),52,223,3480,22.2739
DQN (ours),52,224,3480,5.4924
DQN (ours),52,225,3492,9.5630
DQN (ours),52,226,3516,4.3574
DQN (ours),52,227,3528,2.2819
DQN (ours),52,228,3528,4.5989
DQN (ours),52,229,3540,5.1625
DQN (ours),52,230,3540,3.7209
DQN (ours),52,231,3564,20.7154
DQN (ours),52,232,3588,8.6570
DQN (ours),52,233,3600,7.7574
DQN (ours),52,234,3624,5.8789
DQN (ours),52,235,3636,6.7559
DQN (ours),52,236,3648,6.3265
DQN (ours),52,237,3660,1.6023
DQN (ours),52,238,3660,8.5981
DQN (ours),52,239,3660,21.5020
DQN (ours),52,240,3672,0.9660
DQN (ours),52,241,3672,21.0263
DQN (ours),52,242,3696,17.2994
DQN (ours),52,243,3696,2.1955
DQN (ours),52,244,3708,4.3694
DQN (ours),52,245,3732,3.7889
DQN (ours),52,246,3732,18.0919
DQN (ours),52,247,3744,13.9688
DQN (ours),52,248,3768,4.7580
DQN (ours),52,249,3804,4.7580
DQN (ours),52,250,3864,10.8686
DQN (ours),52,251,3900,1.5974
DQN (ours),52,252,3912,9.7675
DQN (ours),52,253,3924,21.0061
DQN (ours),52,254,3948,21.3634
DQN (ours),52,255,3948,16.7259
DQN (ours),52,256,3960,13.6662
DQN (ours),52,257,3960,21.9298
DQN (ours),52,258,3996,20.7445
DQN (ours),52,259,4020,23.1482
DQN (ours),52,260,4020,18.6466
DQN (ours),52,261,4080,12.6728
DQN (ours),52,262,4092,7.5001
DQN (ours),52,263,4092,4.7602
DQN (ours),52,264,4104,5.1562
DQN (ours),52,265,4128,23.6194
DQN (ours),52,266,4164,22.2188
DQN (ours),52,267,4176,13.0235
DQN (ours),52,268,4188,5.3301
DQN (ours),52,269,4200,6.7583
DQN (ours),52,270,4248,11.5522
DQN (ours),52,271,4260,22.5091
DQN (ours),52,272,4284,21.0065
DQN (ours),52,273,4308,22.3962
DQN (ours),52,274,4320,21.5618
DQN (ours),52,275,4332,4.1646
DQN (ours),52,276,4344,8.8526
DQN (ours),52,277,4344,7.7879
DQN (ours),52,278,4356,11.0262
DQN (ours),52,279,4356,21.1251
DQN (ours),52,280,4380,19.3401
DQN (ours),52,281,4404,2.3967
DQN (ours),52,282,4440,6.0085
DQN (ours),52,283,4452,16.8099
DQN (ours),52,284,4464,20.0325
DQN (ours),52,285,4464,12.3114
DQN (ours),52,286,4548,5.5615
DQN (ours),52,287,4608,15.5477
DQN (ours),52,288,4644,21.0567
DQN (ours),52,289,4656,13.9797
DQN (ours),52,290,4668,22.1425
DQN (ours),52,291,4668,16.6484
DQN (ours),52,292,4680,20.4545
DQN (ours),52,293,4692,21.3775
DQN (ours),52,294,4704,20.7667
DQN (ours),52,295,4764,4.5574
DQN (ours),52,296,4764,21.1788
DQN (ours),52,297,4764,5.4560
DQN (ours),52,298,4800,14.5796
DQN (ours),52,299,4800,7.4108
DQN (ours),52,300,4800,5.9173
DQN (ours),52,301,4812,2.9971
DQN (ours),52,302,4812,21.0127
DQN (ours),52,303,4812,9.6220
DQN (ours),52,304,4824,21.0031
DQN (ours),52,305,4836,4.3944
DQN (ours),52,306,4896,5.2002
DQN (ours),52,307,4932,7.6425
DQN (ours),52,308,4932,18.9296
DQN (ours),52,309,4956,9.3204
DQN (ours),52,310,4968,23.1202
DQN (ours),52,311,4980,19.8657
DQN (ours),52,312,4980,2.4012
DQN (ours),52,313,5028,4.7883
DQN (ours),52,314,5040,13.6913
DQN (ours),52,315,5052,16.8753
DQN (ours),52,316,5076,17.4561
DQN (ours),52,317,5124,8.9432
DQN (ours),52,318,5136,14.3640
DQN (ours),52,319,5160,23.0989
DQN (ours),52,320,5160,1.9584
DQN (ours),52,321,5184,22.4006
DQN (ours),52,322,5196,21.4419
DQN (ours),52,323,5208,17.3306
DQN (ours),52,324,5256,2.9574
DQN (ours),52,325,5268,15.1927
DQN (ours),52,326,5292,11.9069
DQN (ours),52,327,5340,24.0072
DQN (ours),52,328,5340,21.3707
DQN (ours),52,329,5352,12.6626
DQN (ours),52,330,5388,20.5399
DQN (ours),52,331,5400,21.0875
DQN (ours),52,332,5436,15.3456
DQN (ours),52,333,5448,16.5073
DQN (ours),52,334,5496,15.4463
DQN (ours),52,335,5508,6.7181
DQN (ours),52,336,5520,22.5349
DQN (ours),52,337,5520,20.7365
DQN (ours),52,338,5568,7.3716
DQN (ours),52,339,5616,20.8531
DQN (ours),52,340,5628,14.5362
DQN (ours),52,341,5640,7.9377
DQN (ours),52,342,5652,7.1353
DQN (ours),52,343,5652,20.4545
DQN (ours),52,344,5664,18.4911
DQN (ours),52,345,5700,21.5728
DQN (ours),52,346,5712,22.0118
DQN (ours),52,347,5772,17.2854
DQN (ours),52,348,5796,5.4464
DQN (ours),52,349,5808,20.7388
DQN (ours),52,350,5832,10.4252
DQN (ours),52,351,5868,16.5186
DQN (ours),52,352,5880,21.3203
DQN (ours),52,353,5880,5.9537
DQN (ours),52,354,5892,19.2236
DQN (ours),52,355,5928,15.3921
DQN (ours),52,356,5952,9.1601
DQN (ours),52,357,5976,22.8761
DQN (ours),52,358,6000,20.9729
DQN (ours),52,359,6012,21.5504
DQN (ours),52,360,6024,8.2488
DQN (ours),52,361,6036,15.5514
DQN (ours),52,362,6072,21.7604
DQN (ours),52,363,6108,4.3614
DQN (ours),52,364,6156,19.1726
DQN (ours),52,365,6156,9.9535
DQN (ours),52,366,6180,20.2033
DQN (ours),52,367,6180,16.0929
DQN (ours),52,368,6192,1.7649
DQN (ours),52,369,6192,20.4545
DQN (ours),52,370,6240,23.2691
DQN (ours),52,371,6252,2.7273
DQN (ours),52,372,6300,18.6300
DQN (ours),52,373,6300,14.6484
DQN (ours),52,374,6312,20.8615
DQN (ours),52,375,6336,21.4144
DQN (ours),52,376,6384,20.6534
DQN (ours),52,377,6408,15.4455
DQN (ours),52,378,6408,0.9660
DQN (ours),52,379,6408,14.8614
DQN (ours),52,380,6420,17.2161
DQN (ours),52,381,6444,12.9300
DQN (ours),52,382,6456,16.2197
DQN (ours),52,383,6456,2.3989
DQN (ours),52,384,6492,1.9951
DQN (ours),52,385,6540,23.2717
DQN (ours),52,386,6552,15.1729
DQN (ours),52,387,6612,22.1729
DQN (ours),52,388,6612,11.6526
DQN (ours),52,389,6648,13.6789
DQN (ours),52,390,6660,21.3618
DQN (ours),52,391,6660,14.6568
DQN (ours),52,392,6660,22.6302
DQN (ours),52,393,6672,3.7942
DQN (ours),52,394,6696,21.0596
DQN (ours),52,395,6732,4.7569
DQN (ours),52,396,6768,23.0652
DQN (ours),52,397,6768,16.4032
DQN (ours),52,398,6768,7.1615
DQN (ours),52,399,6816,21.3753
DQN (ours),52,400,6816,10.1675
DQN (ours),52,401,6852,20.7115
DQN (ours),52,402,6876,6.6445
DQN (ours),52,403,6888,10.2470
DQN (ours),52,404,6900,20.1260
DQN (ours),52,405,6912,20.6592
DQN (ours),52,406,6948,8.9555
DQN (ours),52,407,6948,3.5284
DQN (ours),52,408,6972,24.6450
DQN (ours),52,409,6972,4.7759
DQN (ours),52,410,6984,14.3646
DQN (ours),52,411,7008,22.6977
DQN (ours),52,412,7056,12.9797
DQN (ours),52,413,7056,21.6194
DQN (ours),52,414,7092,9.1650
DQN (ours),52,415,7104,7.8418
DQN (ours),52,416,7116,9.9694
DQN (ours),52,417,7128,23.3512
DQN (ours),52,418,7164,6.6000
DQN (ours),52,419,7176,20.7375
DQN (ours),52,420,7188,5.1704
DQN (ours),52,421,7188,3.9572
DQN (ours),52,422,7188,19.4095
DQN (ours),52,423,7200,9.5570
DQN (ours),52,424,7236,8.6074
DQN (ours),52,425,7260,22.1506
DQN (ours),52,426,7272,5.5565
DQN (ours),52,427,7296,11.9564
DQN (ours),52,428,7308,17.3110
DQN (ours),52,429,7332,20.6891
DQN (ours),52,430,7344,22.5141
DQN (ours),52,431,7392,7.4457
DQN (ours),52,432,7392,12.5628
DQN (ours),52,433,7404,12.6218
DQN (ours),52,434,7440,6.2478
DQN (ours),52,435,7440,17.0222
DQN (ours),52,436,7452,6.3987
DQN (ours),52,437,7488,14.7202
DQN (ours),52,438,7548,20.4545
DQN (ours),52,439,7560,22.2404
DQN (ours),52,440,7596,22.0468
DQN (ours),52,441,7608,12.1591
DQN (ours),52,442,7632,3.6125
DQN (ours),52,443,7656,24.0191
DQN (ours),52,444,7668,21.2010
DQN (ours),52,445,7680,7.6102
DQN (ours),52,446,7716,1.7649
DQN (ours),52,447,7752,20.8548
DQN (ours),52,448,7752,20.9777
DQN (ours),52,449,7764,22.8761
DQN (ours),52,450,7800,21.2106
DQN (ours),52,451,7812,23.2262
DQN (ours),52,452,7848,20.7421
DQN (ours),52,453,7848,9.5455
DQN (ours),52,454,7860,7.1561
DQN (ours),52,455,7920,10.7706
DQN (ours),52,456,7956,22.3105
DQN (ours),52,457,7968,22.5218
DQN (ours),52,458,7992,21.5011
DQN (ours),52,459,7992,13.1596
DQN (ours),52,460,7992,10.4032
DQN (ours),52,461,8016,22.6364
DQN (ours),52,462,8040,19.0454
DQN (ours),52,463,8076,21.3318
DQN (ours),52,464,8076,5.8512
DQN (ours),52,465,8100,22.7152
DQN (ours),52,466,8208,20.4545
DQN (ours),52,467,8208,13.5615
DQN (ours),52,468,8220,21.9486
DQN (ours),52,469,8244,18.4509
DQN (ours),52,470,8268,16.6243
DQN (ours),52,471,8280,21.6399
DQN (ours),52,472,8304,6.4483
DQN (ours),52,473,8316,5.6340
DQN (ours),52,474,8328,17.9611
DQN (ours),52,475,8352,24.3809
DQN (ours),52,476,8376,22.9790
DQN (ours),52,477,8400,20.5399
DQN (ours),52,478,8436,21.0361
DQN (ours),52,479,8460,22.3534
DQN (ours),52,480,8460,7.8772
DQN (ours),52,481,8520,11.6482
DQN (ours),52,482,8544,5.7545
DQN (ours),52,483,8568,21.0054
DQN (ours),52,484,8604,22.2725
DQN (ours),52,485,8616,19.0650
DQN (ours),52,486,8628,22.9461
DQN (ours),52,487,8640,23.1454
DQN (ours),52,488,8640,13.6706
DQN (ours),52,489,8664,14.2056
DQN (ours),52,490,8676,22.6351
DQN (ours),52,491,8736,26.8457
DQN (ours),52,492,8772,14.1539
DQN (ours),52,493,8772,12.8115
DQN (ours),52,494,8796,10.2969
DQN (ours),52,495,8796,9.2073
DQN (ours),52,496,8796,24.1446
DQN (ours),52,497,8844,7.0821
DQN (ours),52,498,8856,16.8127
DQN (ours),52,499,8880,23.3160
DQN (ours),52,500,8904,3.7563
DQN (ours),52,501,8940,10.6433
DQN (ours),52,502,8976,21.8635
DQN (ours),52,503,8976,20.7968
DQN (ours),52,504,8988,23.3457
DQN (ours),52,505,9000,13.1659
DQN (ours),52,506,9036,23.5069
DQN (ours),52,507,9084,15.2101
DQN (ours),52,508,9132,23.4377
DQN (ours),52,509,9156,24.9956
DQN (ours),52,510,9156,20.7773
DQN (ours),52,511,9204,16.3157
DQN (ours),52,512,9216,21.8324
DQN (ours),52,513,9228,13.8489
DQN (ours),52,514,9264,20.8066
DQN (ours),52,515,9276,7.9992
DQN (ours),52,516,9300,20.4545
DQN (ours),52,517,9336,7.9802
DQN (ours),52,518,9336,20.4545
DQN (ours),52,519,9348,21.7241
DQN (ours),52,520,9396,20.9943
DQN (ours),52,521,9432,15.2474
DQN (ours),52,522,9444,24.4323
DQN (ours),52,523,9456,17.5781
DQN (ours),52,524,9492,20.6580
DQN (ours),52,525,9516,20.8876
DQN (ours),52,526,9528,13.9893
DQN (ours),52,527,9576,16.9133
DQN (ours),52,528,9588,8.4727
DQN (ours),52,529,9624,21.7403
DQN (ours),52,530,9636,20.2680
DQN (ours),52,531,9660,6.0459
DQN (ours),52,532,9660,20.5399
DQN (ours),52,533,9660,16.1901
DQN (ours),52,534,9708,23.5143
DQN (ours),52,535,9744,15.7979
DQN (ours),52,536,9744,4.8027
DQN (ours),52,537,9768,21.0578
DQN (ours),52,538,9780,10.9656
DQN (ours),52,539,9804,14.4931
DQN (ours),52,540,9804,21.7561
DQN (ours),52,541,9816,21.4994
DQN (ours),52,542,9852,4.9553
DQN (ours),52,543,9864,2.3053
DQN (ours),52,544,9888,22.7079
DQN (ours),52,545,9936,9.2021
DQN (ours),52,546,9960,22.5562
DQN (ours),52,547,10020,24.3011
DQN (ours),52,548,10020,22.7969
DQN (ours),52,549,10056,19.8440
DQN (ours),52,550,10068,21.2448
DQN (ours),52,551,10104,14.6853
DQN (ours),52,552,10104,21.9358
DQN (ours),52,553,10104,21.0172
DQN (ours),52,554,10164,22.0833
DQN (ours),52,555,10176,11.5530
DQN (ours),52,556,10212,23.6633
DQN (ours),52,557,10224,20.5716
DQN (ours),52,558,10224,15.0027
DQN (ours),52,559,10236,9.9227
DQN (ours),52,560,10296,23.6067
DQN (ours),52,561,10320,21.9548
DQN (ours),52,562,10320,11.6478
DQN (ours),52,563,10368,9.5546
DQN (ours),52,564,10416,20.8886
DQN (ours),52,565,10428,14.1931
DQN (ours),52,566,10428,23.2763
DQN (ours),52,567,10452,22.4653
DQN (ours),52,568,10464,17.9737
DQN (ours),52,569,10464,23.0667
DQN (ours),52,570,10584,25.6175
DQN (ours),52,571,10584,22.8672
DQN (ours),52,572,10656,20.6910
DQN (ours),52,573,10656,4.9572
DQN (ours),52,574,10680,25.0612
DQN (ours),52,575,10680,23.2212
DQN (ours),52,576,10728,24.4136
DQN (ours),52,577,10776,23.4233
DQN (ours),52,578,10776,7.0023
DQN (ours),52,579,10788,7.7941
DQN (ours),52,580,10788,21.8460
DQN (ours),52,581,10788,22.9860
DQN (ours),52,582,10812,21.5068
DQN (ours),52,583,10812,22.5217
DQN (ours),52,584,10824,22.7133
DQN (ours),52,585,10836,3.9572
DQN (ours),52,586,10920,18.7260
DQN (ours),52,587,10944,21.3217
DQN (ours),52,588,10968,2.4519
DQN (ours),52,589,11040,20.8333
DQN (ours),52,590,11064,21.4874
DQN (ours),52,591,11088,24.2274
DQN (ours),52,592,11100,18.6544
DQN (ours),52,593,11112,20.2852
DQN (ours),52,594,11148,20.8956
DQN (ours),52,595,11148,21.7636
DQN (ours),52,596,11148,23.2225
DQN (ours),52,597,11184,23.1926
DQN (ours),52,598,11196,23.7159
DQN (ours),52,599,11196,2.3975
DQN (ours),52,600,11196,2.3993
DQN (ours),52,601,11196,2.3959
DQN (ours),52,602,11268,15.4073
DQN (ours),52,603,11268,4.3960
DQN (ours),52,604,11292,19.9446
DQN (ours),52,605,11304,21.0171
DQN (ours),52,606,11340,10.1523
DQN (ours),52,607,11424,22.5474
DQN (ours),52,608,11436,8.5966
DQN (ours),52,609,11448,23.1500
DQN (ours),52,610,11460,20.4545
DQN (ours),52,611,11472,24.0157
DQN (ours),52,612,11544,22.7093
DQN (ours),52,613,11544,5.1607
DQN (ours),52,614,11556,22.1880
DQN (ours),52,615,11556,23.0698
DQN (ours),52,616,11568,7.6057
DQN (ours),52,617,11628,4.6500
DQN (ours),52,618,11628,22.4534
DQN (ours),52,619,11628,23.1965
DQN (ours),52,620,11652,23.0002
DQN (ours),52,621,11688,8.6011
DQN (ours),52,622,11700,20.7821
DQN (ours),52,623,11712,3.6496
DQN (ours),52,624,11724,13.8746
DQN (ours),52,625,11748,8.3942
DQN (ours),52,626,11784,6.5989
DQN (ours),52,627,11784,23.2324
DQN (ours),52,628,11796,20.9318
DQN (ours),52,629,11808,6.3931
DQN (ours),52,630,11820,13.0114
DQN (ours),52,631,11832,22.6435
DQN (ours),52,632,11904,22.9129
DQN (ours),52,633,11916,23.0715
DQN (ours),52,634,11928,14.9983
DQN (ours),52,635,11976,11.0802
DQN (ours),52,636,11988,21.0151
DQN (ours),52,637,12060,17.0185
DQN (ours),52,638,12072,22.6648
DQN (ours),52,639,12108,20.4545
DQN (ours),52,640,12144,21.2545
DQN (ours),52,641,12156,21.7613
DQN (ours),52,642,12180,23.2754
DQN (ours),52,643,12192,20.4545
DQN (ours),52,644,12264,23.9014
DQN (ours),52,645,12276,22.1963
DQN (ours),52,646,12288,21.0208
DQN (ours),52,647,12336,21.5105
DQN (ours),52,648,12348,22.5533
DQN (ours),52,649,12372,13.2033
DQN (ours),52,650,12420,21.8344
DQN (ours),52,651,12432,21.8464
DQN (ours),52,652,12456,5.0744
DQN (ours),52,653,12468,21.9675
DQN (ours),52,654,12504,22.0696
DQN (ours),52,655,12516,20.6570
DQN (ours),52,656,12540,20.4545
DQN (ours),52,657,12576,5.6891
DQN (ours),52,658,12624,20.6570
DQN (ours),52,659,12636,20.5716
DQN (ours),52,660,12648,21.3941
DQN (ours),52,661,12696,23.1552
DQN (ours),52,662,12708,21.3187
DQN (ours),52,663,12756,2.7573
DQN (ours),52,664,12780,20.9226
DQN (ours),52,665,12792,20.4545
DQN (ours),52,666,12816,20.8066
DQN (ours),52,667,12864,20.8558
DQN (ours),52,668,12876,20.4545
DQN (ours),52,669,12900,21.0501
DQN (ours),52,670,12936,21.3550
DQN (ours),52,671,12984,21.1197
DQN (ours),52,672,12996,20.4545
DQN (ours),52,673,13008,20.4545
DQN (ours),52,674,13056,21.2827
DQN (ours),52,675,13116,20.9296
DQN (ours),52,676,13140,20.5739
DQN (ours),52,677,13152,20.5716
DQN (ours),52,678,13176,21.6021
DQN (ours),52,679,13224,20.8050
DQN (ours),52,680,13236,22.3683
DQN (ours),52,681,13260,20.4545
DQN (ours),52,682,13296,20.4545
DQN (ours),52,683,13344,21.5554
DQN (ours),52,684,13356,23.1500
DQN (ours),52,685,13368,20.4545
DQN (ours),52,686,13416,21.4984
DQN (ours),52,687,13476,20.7387
DQN (ours),52,688,13500,21.7920
DQN (ours),52,689,13512,20.4545
DQN (ours),52,690,13536,20.8084
DQN (ours),52,691,13584,20.6512
DQN (ours),52,692,13596,20.4545
DQN (ours),52,693,13620,20.5739
DQN (ours),52,694,13656,20.4545
DQN (ours),52,695,13704,20.6570
DQN (ours),52,696,13716,6.2535
DQN (ours),52,697,13716,20.7107
DQN (ours),52,698,13728,20.8593
DQN (ours),52,699,13776,20.9647
DQN (ours),52,700,13800,19.7146
DQN (ours),52,701,13848,7.6171
DQN (ours),52,702,13860,20.6891
DQN (ours),52,703,13872,20.7471
DQN (ours),52,704,13896,20.4545
DQN (ours),52,705,13944,21.1572
DQN (ours),52,706,13980,20.5399
DQN (ours),52,707,14016,20.4545
DQN (ours),52,708,14076,20.4545
DQN (ours),52,709,14076,20.5399
DQN (ours),52,710,14088,20.8084
DQN (ours),52,711,14136,20.4545
DQN (ours),52,712,14160,21.3285
DQN (ours),52,713,14208,21.0297
DQN (ours),52,714,14220,21.9137
DQN (ours),52,715,14232,20.5716
DQN (ours),52,716,14256,20.7375
DQN (ours),52,717,14304,20.4545
DQN (ours),52,718,14340,21.8044
DQN (ours),52,719,14376,21.3288
DQN (ours),52,720,14388,2.0455
DQN (ours),52,721,14436,20.5399
DQN (ours),52,722,14436,20.4545
DQN (ours),52,723,14448,20.5399
DQN (ours),52,724,14496,20.4545
DQN (ours),52,725,14520,21.0402
DQN (ours),52,726,14568,21.3989
DQN (ours),52,727,14580,20.8944
DQN (ours),52,728,14592,20.6570
DQN (ours),52,729,14616,21.3914
DQN (ours),52,730,14616,1.5974
DQN (ours),52,731,14664,21.1580
DQN (ours),52,732,14736,21.3663
DQN (ours),52,733,14748,20.6252
DQN (ours),52,734,14796,20.8872
DQN (ours),52,735,14796,20.6252
DQN (ours),52,736,14808,20.5399
DQN (ours),52,737,14856,20.7772
DQN (ours),52,738,14880,21.0516
DQN (ours),52,739,14928,21.1256
DQN (ours),52,740,14952,20.7705
DQN (ours),52,741,14976,20.8009
DQN (ours),52,742,14976,21.2526
DQN (ours),52,743,15024,20.4545
DQN (ours),52,744,15096,20.9998
DQN (ours),52,745,15108,20.9409
DQN (ours),52,746,15156,20.6592
DQN (ours),52,747,15156,20.6262
DQN (ours),52,748,15168,21.4024
DQN (ours),52,749,15216,20.5399
DQN (ours),52,750,15240,20.6512
DQN (ours),52,751,15288,21.4801
DQN (ours),52,752,15312,21.0323
DQN (ours),52,753,15336,20.4545
DQN (ours),52,754,15336,21.0287
DQN (ours),52,755,15384,20.7114
DQN (ours),52,756,15456,20.7365
DQN (ours),52,757,15468,20.4545
DQN (ours),52,758,15516,21.0102
DQN (ours),52,759,15516,21.2820
DQN (ours),52,760,15528,20.8522
DQN (ours),52,761,15576,21.3319
DQN (ours),52,762,15600,20.6570
DQN (ours),52,763,15648,21.2545
DQN (ours),52,764,15672,20.6534
DQN (ours),52,765,15696,21.7116
DQN (ours),52,766,15696,20.6570
DQN (ours),52,767,15744,22.2521
DQN (ours),52,768,15816,20.5716
DQN (ours),52,769,15828,21.7193
DQN (ours),52,770,15876,20.6310
DQN (ours),52,771,15876,22.3237
DQN (ours),52,772,15888,21.2354
DQN (ours),52,773,15936,20.4545
DQN (ours),52,774,15960,23.0577
DQN (ours),52,775,16008,21.2060
DQN (ours),52,776,16032,20.7737
DQN (ours),52,777,16056,20.7365
DQN (ours),52,778,16056,20.8522
DQN (ours),52,779,16104,21.0865
DQN (ours),52,780,16176,21.5617
DQN (ours),52,781,16188,21.0436
DQN (ours),52,782,16236,21.2845
DQN (ours),52,783,16236,21.0149
DQN (ours),52,784,16248,20.8530
DQN (ours),52,785,16296,20.7154
DQN (ours),52,786,16320,20.8888
DQN (ours),52,787,16368,20.8590
DQN (ours),52,788,16380,18.2357
DQN (ours),52,789,16392,20.4545
DQN (ours),52,790,16416,21.1105
DQN (ours),52,791,16464,21.2431
DQN (ours),52,792,16536,21.6864
DQN (ours),52,793,16548,21.0245
DQN (ours),52,794,16596,21.4413
DQN (ours),52,795,16596,20.7365
DQN (ours),52,796,16608,20.7108
DQN (ours),52,797,16656,21.1747
DQN (ours),52,798,16680,21.0063
DQN (ours),52,799,16728,21.1283
DQN (ours),52,800,16740,20.5399
DQN (ours),52,801,16752,21.0266
DQN (ours),52,802,16776,20.8066
DQN (ours),52,803,16776,8.5953
DQN (ours),52,804,16824,7.9363
DQN (ours),52,805,16824,20.7374
DQN (ours),52,806,16896,21.4079
DQN (ours),52,807,16908,20.9741
DQN (ours),52,808,16908,17.1244
DQN (ours),52,809,16920,5.4650
DQN (ours),52,810,16956,21.4935
DQN (ours),52,811,16956,22.6694
DQN (ours),52,812,16992,1.9602
DQN (ours),52,813,17088,21.3203
DQN (ours),52,814,17100,20.5716
DQN (ours),52,815,17112,20.9277
DQN (ours),52,816,17136,21.3586
DQN (ours),52,817,17136,21.4061
DQN (ours),52,818,17172,1.5974
DQN (ours),52,819,17184,20.8050
DQN (ours),52,820,17244,3.8841
DQN (ours),52,821,17256,20.6252
DQN (ours),52,822,17268,23.5465
DQN (ours),52,823,17268,22.6704
DQN (ours),52,824,17280,21.2583
DQN (ours),52,825,17316,21.2487
DQN (ours),52,826,17340,13.4294
DQN (ours),52,827,17352,21.8316
DQN (ours),52,828,17412,15.5730
DQN (ours),52,829,17448,21.4836
DQN (ours),52,830,17460,20.9364
DQN (ours),52,831,17484,13.5816
DQN (ours),52,832,17544,20.9749
DQN (ours),52,833,17616,20.8277
DQN (ours),52,834,17628,20.6891
DQN (ours),52,835,17628,21.1795
DQN (ours),52,836,17640,21.2749
DQN (ours),52,837,17664,19.6197
DQN (ours),52,838,17676,21.1232
DQN (ours),52,839,17700,21.3661
DQN (ours),52,840,17712,5.4000
DQN (ours),52,841,17712,17.5942
DQN (ours),52,842,17808,21.4524
DQN (ours),52,843,17820,21.2267
DQN (ours),52,844,17844,24.2973
DQN (ours),52,845,17904,20.7423
DQN (ours),52,846,17976,24.7037
DQN (ours),52,847,17988,20.6534
DQN (ours),52,848,18000,21.7706
DQN (ours),52,849,18024,21.0020
DQN (ours),52,850,18036,20.8550
DQN (ours),52,851,18060,21.6806
DQN (ours),52,852,18072,21.5677
DQN (ours),52,853,18072,20.5716
DQN (ours),52,854,18168,25.7704
DQN (ours),52,855,18180,21.1705
DQN (ours),52,856,18204,20.8300
DQN (ours),52,857,18264,21.6806
DQN (ours),52,858,18336,20.8558
DQN (ours),52,859,18348,21.9176
DQN (ours),52,860,18360,22.6183
DQN (ours),52,861,18384,21.6043
DQN (ours),52,862,18396,20.8862
DQN (ours),52,863,18420,23.3937
DQN (ours),52,864,18432,20.8880
DQN (ours),52,865,18432,20.8920
DQN (ours),52,866,18528,21.3579
DQN (ours),52,867,18540,21.7897
DQN (ours),52,868,18564,21.2380
DQN (ours),52,869,18624,20.6891
DQN (ours),52,870,18696,20.9111
DQN (ours),52,871,18708,20.9243
DQN (ours),52,872,18720,21.2535
DQN (ours),52,873,18720,13.3557
DQN (ours),52,874,18744,21.1250
DQN (ours),52,875,18756,21.5763
DQN (ours),52,876,18756,18.7515
DQN (ours),52,877,18792,21.3005
DQN (ours),52,878,18792,20.8866
DQN (ours),52,879,18804,17.0659
DQN (ours),52,880,18924,22.3554
DQN (ours),52,881,18924,7.6108
DQN (ours),52,882,18984,21.3986
DQN (ours),52,883,19008,16.9503
DQN (ours),52,884,19056,21.0172
DQN (ours),52,885,19068,21.3657
DQN (ours),52,886,19080,21.3706
DQN (ours),52,887,19080,21.3681
DQN (ours),52,888,19104,21.5652
DQN (ours),52,889,19116,22.0497
DQN (ours),52,890,19116,21.0039
DQN (ours),52,891,19164,21.4940
DQN (ours),52,892,19176,16.5670
DQN (ours),52,893,19188,13.9213
DQN (ours),52,894,19236,2.3985
DQN (ours),52,895,19284,21.0862
DQN (ours),52,896,19296,18.9614
DQN (ours),52,897,19332,8.2672
DQN (ours),52,898,19332,10.6522
DQN (ours),52,899,19416,21.3163
DQN (ours),52,900,19428,21.0538
DQN (ours),52,901,19440,20.6534
DQN (ours),52,902,19440,21.2488
DQN (ours),52,903,19452,7.4030
DQN (ours),52,904,19464,21.2068
DQN (ours),52,905,19476,21.4444
DQN (ours),52,906,19476,21.3164
DQN (ours),52,907,19584,6.3938
DQN (ours),52,908,19596,21.2872
DQN (ours),52,909,19620,19.1948
DQN (ours),52,910,19632,11.2553
DQN (ours),52,911,19644,23.0844
DQN (ours),52,912,19692,22.4020
DQN (ours),52,913,19692,16.2671
DQN (ours),52,914,19776,20.5498
DQN (ours),52,915,19800,21.2593
DQN (ours),52,916,19812,10.0155
DQN (ours),52,917,19812,21.6986
DQN (ours),52,918,19824,22.5555
DQN (ours),52,919,19836,21.3989
DQN (ours),52,920,19944,21.1656
DQN (ours),52,921,19956,21.6867
DQN (ours),52,922,19980,21.6734
DQN (ours),52,923,19980,11.3524
DQN (ours),52,924,19992,21.2875
SB3 DQN,52,1,48,2.4012
SB3 DQN,52,2,72,3.9990
SB3 DQN,52,3,108,7.3995
SB3 DQN,52,4,108,6.6448
SB3 DQN,52,5,120,7.2834
SB3 DQN,52,6,132,9.1552
SB3 DQN,52,7,144,1.9584
SB3 DQN,52,8,156,1.9584
SB3 DQN,52,9,168,1.9602
SB3 DQN,52,10,180,9.9477
SB3 DQN,52,11,180,7.1577
SB3 DQN,52,12,192,11.8809
SB3 DQN,52,13,204,1.6000
SB3 DQN,52,14,204,11.8762
SB3 DQN,52,15,216,11.3652
SB3 DQN,52,16,240,1.6001
SB3 DQN,52,17,252,1.7172
SB3 DQN,52,18,252,2.7591
SB3 DQN,52,19,300,10.9981
SB3 DQN,52,20,312,18.4422
SB3 DQN,52,21,312,3.7604
SB3 DQN,52,22,336,1.9584
SB3 DQN,52,23,336,21.0606
SB3 DQN,52,24,348,1.6023
SB3 DQN,52,25,360,0.9182
SB3 DQN,52,26,360,11.8929
SB3 DQN,52,27,360,23.9368
SB3 DQN,52,28,384,2.4532
SB3 DQN,52,29,408,12.7903
SB3 DQN,52,30,420,2.9659
SB3 DQN,52,31,420,6.1274
SB3 DQN,52,32,432,4.2898
SB3 DQN,52,33,456,4.7200
SB3 DQN,52,34,468,6.7665
SB3 DQN,52,35,468,21.6581
SB3 DQN,52,36,480,20.7390
SB3 DQN,52,37,492,3.8505
SB3 DQN,52,38,492,7.7319
SB3 DQN,52,39,492,4.7561
SB3 DQN,52,40,504,1.6000
SB3 DQN,52,41,528,1.5974
SB3 DQN,52,42,528,1.5974
SB3 DQN,52,43,540,17.6638
SB3 DQN,52,44,552,22.7071
SB3 DQN,52,45,552,3.1953
SB3 DQN,52,46,576,4.3158
SB3 DQN,52,47,588,2.7925
SB3 DQN,52,48,600,2.2537
SB3 DQN,52,49,600,22.2047
SB3 DQN,52,50,600,7.0726
SB3 DQN,52,51,624,13.1761
SB3 DQN,52,52,624,6.3226
SB3 DQN,52,53,660,3.9590
SB3 DQN,52,54,696,12.7050
SB3 DQN,52,55,696,5.4538
SB3 DQN,52,56,696,3.7300
SB3 DQN,52,57,720,5.3210
SB3 DQN,52,58,732,10.8147
SB3 DQN,52,59,744,15.4033
SB3 DQN,52,60,768,6.8026
SB3 DQN,52,61,768,20.8054
SB3 DQN,52,62,804,14.0460
SB3 DQN,52,63,816,22.2035
SB3 DQN,52,64,828,8.5602
SB3 DQN,52,65,828,3.3646
SB3 DQN,52,66,840,3.9649
SB3 DQN,52,67,840,14.6266
SB3 DQN,52,68,852,1.6023
SB3 DQN,52,69,900,3.9650
SB3 DQN,52,70,912,12.6134
SB3 DQN,52,71,912,5.5572
SB3 DQN,52,72,912,12.4879
SB3 DQN,52,73,924,15.7401
SB3 DQN,52,74,924,4.5245
SB3 DQN,52,75,936,21.0615
SB3 DQN,52,76,948,1.4548
SB3 DQN,52,77,996,4.2023
SB3 DQN,52,78,1020,9.1828
SB3 DQN,52,79,1032,7.9532
SB3 DQN,52,80,1056,18.7064
SB3 DQN,52,81,1056,7.8050
SB3 DQN,52,82,1068,21.5733
SB3 DQN,52,83,1104,10.7806
SB3 DQN,52,84,1140,21.9399
SB3 DQN,52,85,1152,4.3247
SB3 DQN,52,86,1152,3.0507
SB3 DQN,52,87,1152,7.4898
SB3 DQN,52,88,1188,1.6001
SB3 DQN,52,89,1200,2.4012
SB3 DQN,52,90,1200,24.5107
SB3 DQN,52,91,1200,16.0735
SB3 DQN,52,92,1212,13.9880
SB3 DQN,52,93,1236,10.2615
SB3 DQN,52,94,1236,24.9909
SB3 DQN,52,95,1272,17.3977
SB3 DQN,52,96,1272,4.5593
SB3 DQN,52,97,1272,21.3618
SB3 DQN,52,98,1272,1.9602
SB3 DQN,52,99,1284,10.5576
SB3 DQN,52,100,1308,1.6000
SB3 DQN,52,101,1308,7.7257
SB3 DQN,52,102,1320,6.5632
SB3 DQN,52,103,1332,3.7563
SB3 DQN,52,104,1332,3.3935
SB3 DQN,52,105,1356,4.9947
SB3 DQN,52,106,1356,6.9715
SB3 DQN,52,107,1356,10.3945
SB3 DQN,52,108,1392,1.7649
SB3 DQN,52,109,1404,4.5931
SB3 DQN,52,110,1416,24.1177
SB3 DQN,52,111,1416,16.8175
SB3 DQN,52,112,1416,10.5917
SB3 DQN,52,113,1428,1.9584
SB3 DQN,52,114,1440,9.5930
SB3 DQN,52,115,1440,9.7601
SB3 DQN,52,116,1452,20.7509
SB3 DQN,52,117,1476,3.2023
SB3 DQN,52,118,1488,4.7845
SB3 DQN,52,119,1512,7.3982
SB3 DQN,52,120,1512,4.5269
SB3 DQN,52,121,1548,6.7521
SB3 DQN,52,122,1572,11.7514
SB3 DQN,52,123,1584,1.5000
SB3 DQN,52,124,1608,8.5572
SB3 DQN,52,125,1620,8.3813
SB3 DQN,52,126,1620,20.8501
SB3 DQN,52,127,1632,8.9590
SB3 DQN,52,128,1644,4.9590
SB3 DQN,52,129,1656,1.7649
SB3 DQN,52,130,1656,20.7770
SB3 DQN,52,131,1656,4.9551
SB3 DQN,52,132,1668,14.2958
SB3 DQN,52,133,1668,20.1447
SB3 DQN,52,134,1680,4.5566
SB3 DQN,52,135,1680,21.2978
SB3 DQN,52,136,1680,15.0300
SB3 DQN,52,137,1692,3.9572
SB3 DQN,52,138,1704,5.5916
SB3 DQN,52,139,1716,2.3674
SB3 DQN,52,140,1728,2.9574
SB3 DQN,52,141,1728,15.3192
SB3 DQN,52,142,1740,3.9572
SB3 DQN,52,143,1740,3.9590
SB3 DQN,52,144,1752,3.9540
SB3 DQN,52,145,1776,1.6023
SB3 DQN,52,146,1788,9.1266
SB3 DQN,52,147,1788,8.5979
SB3 DQN,52,148,1800,10.0510
SB3 DQN,52,149,1860,4.1921
SB3 DQN,52,150,1872,8.4020
SB3 DQN,52,151,1884,10.1313
SB3 DQN,52,152,1884,6.2051
SB3 DQN,52,153,1884,6.0524
SB3 DQN,52,154,1884,15.2801
SB3 DQN,52,155,1896,11.2874
SB3 DQN,52,156,1896,9.6107
SB3 DQN,52,157,1896,1.7672
SB3 DQN,52,158,1920,17.0953
SB3 DQN,52,159,1920,1.7649
SB3 DQN,52,160,1932,2.7595
SB3 DQN,52,161,1980,6.6057
SB3 DQN,52,162,1980,2.5683
SB3 DQN,52,163,1992,6.9572
SB3 DQN,52,164,2004,19.8072
SB3 DQN,52,165,2016,7.1976
SB3 DQN,52,166,2016,5.3295
SB3 DQN,52,167,2016,18.4760
SB3 DQN,52,168,2040,0.9660
SB3 DQN,52,169,2040,9.4493
SB3 DQN,52,170,2064,4.9553
SB3 DQN,52,171,2100,24.5217
SB3 DQN,52,172,2112,15.7606
SB3 DQN,52,173,2112,4.2459
SB3 DQN,52,174,2124,6.2466
SB3 DQN,52,175,2124,11.8915
SB3 DQN,52,176,2136,7.6126
SB3 DQN,52,177,2148,1.9602
SB3 DQN,52,178,2148,10.0640
SB3 DQN,52,179,2148,6.5640
SB3 DQN,52,180,2148,11.9625
SB3 DQN,52,181,2160,8.8083
SB3 DQN,52,182,2184,3.7923
SB3 DQN,52,183,2196,1.9584
SB3 DQN,52,184,2208,8.9786
SB3 DQN,52,185,2208,21.0595
SB3 DQN,52,186,2220,8.9572
SB3 DQN,52,187,2220,4.7567
SB3 DQN,52,188,2232,8.9516
SB3 DQN,52,189,2244,6.6011
SB3 DQN,52,190,2256,1.9602
SB3 DQN,52,191,2268,4.2022
SB3 DQN,52,192,2268,3.4010
SB3 DQN,52,193,2268,8.3632
SB3 DQN,52,194,2280,4.0761
SB3 DQN,52,195,2292,2.7573
SB3 DQN,52,196,2292,5.9572
SB3 DQN,52,197,2304,9.8071
SB3 DQN,52,198,2328,10.0086
SB3 DQN,52,199,2328,3.4075
SB3 DQN,52,200,2328,1.9602
SB3 DQN,52,201,2328,11.9577
SB3 DQN,52,202,2352,5.7561
SB3 DQN,52,203,2364,4.0522
SB3 DQN,52,204,2388,18.8725
SB3 DQN,52,205,2412,1.2784
SB3 DQN,52,206,2424,12.0803
SB3 DQN,52,207,2424,6.9553
SB3 DQN,52,208,2436,7.7585
SB3 DQN,52,209,2460,6.9556
SB3 DQN,52,210,2460,17.5482
SB3 DQN,52,211,2460,7.8769
SB3 DQN,52,212,2496,13.9386
SB3 DQN,52,213,2496,12.9519
SB3 DQN,52,214,2508,11.9293
SB3 DQN,52,215,2520,3.2001
SB3 DQN,52,216,2532,7.3543
SB3 DQN,52,217,2544,5.5912
SB3 DQN,52,218,2556,3.8740
SB3 DQN,52,219,2580,8.5554
SB3 DQN,52,220,2592,2.5683
SB3 DQN,52,221,2592,1.7953
SB3 DQN,52,222,2616,7.6800
SB3 DQN,52,223,2616,1.7649
SB3 DQN,52,224,2628,25.6429
SB3 DQN,52,225,2640,27.7624
SB3 DQN,52,226,2652,13.4555
SB3 DQN,52,227,2652,6.5001
SB3 DQN,52,228,2652,1.7672
SB3 DQN,52,229,2664,2.9592
SB3 DQN,52,230,2676,4.8104
SB3 DQN,52,231,2688,11.4618
SB3 DQN,52,232,2688,1.9229
SB3 DQN,52,233,2700,7.3557
SB3 DQN,52,234,2712,17.6790
SB3 DQN,52,235,2724,18.4627
SB3 DQN,52,236,2748,7.5572
SB3 DQN,52,237,2772,7.8491
SB3 DQN,52,238,2772,17.7951
SB3 DQN,52,239,2796,2.7573
SB3 DQN,52,240,2820,6.3370
SB3 DQN,52,241,2820,2.4999
SB3 DQN,52,242,2820,7.7704
SB3 DQN,52,243,2832,10.9600
SB3 DQN,52,244,2844,6.6466
SB3 DQN,52,245,2868,11.7217
SB3 DQN,52,246,2880,1.9584
SB3 DQN,52,247,2904,19.8374
SB3 DQN,52,248,2904,5.3616
SB3 DQN,52,249,2928,9.5573
SB3 DQN,52,250,2928,7.3558
SB3 DQN,52,251,2940,16.6719
SB3 DQN,52,252,2952,1.1962
SB3 DQN,52,253,2988,10.5654
SB3 DQN,52,254,3012,27.5667
SB3 DQN,52,255,3012,22.9746
SB3 DQN,52,256,3024,16.8193
SB3 DQN,52,257,3024,9.2753
SB3 DQN,52,258,3024,5.9553
SB3 DQN,52,259,3036,2.6477
SB3 DQN,52,260,3036,8.5660
SB3 DQN,52,261,3036,11.0140
SB3 DQN,52,262,3048,1.9602
SB3 DQN,52,263,3048,1.9602
SB3 DQN,52,264,3060,8.8833
SB3 DQN,52,265,3072,13.5528
SB3 DQN,52,266,3096,4.9572
SB3 DQN,52,267,3108,4.5593
SB3 DQN,52,268,3108,19.3078
SB3 DQN,52,269,3132,1.1211
SB3 DQN,52,270,3132,4.7583
SB3 DQN,52,271,3156,6.1664
SB3 DQN,52,272,3156,8.1217
SB3 DQN,52,273,3156,7.9969
SB3 DQN,52,274,3168,1.5982
SB3 DQN,52,275,3180,1.2784
SB3 DQN,52,276,3204,1.9877
SB3 DQN,52,277,3216,12.2072
SB3 DQN,52,278,3228,7.0786
SB3 DQN,52,279,3240,9.9728
SB3 DQN,52,280,3240,6.5981
SB3 DQN,52,281,3240,3.0804
SB3 DQN,52,282,3252,2.5683
SB3 DQN,52,283,3252,15.7189
SB3 DQN,52,284,3276,1.7672
SB3 DQN,52,285,3288,25.3985
SB3 DQN,52,286,3288,15.1978
SB3 DQN,52,287,3288,9.5936
SB3 DQN,52,288,3300,3.5673
SB3 DQN,52,289,3300,3.4093
SB3 DQN,52,290,3324,2.1235
SB3 DQN,52,291,3324,15.6831
SB3 DQN,52,292,3372,2.2537
SB3 DQN,52,293,3372,4.8843
SB3 DQN,52,294,3408,17.8592
SB3 DQN,52,295,3420,7.2534
SB3 DQN,52,296,3432,8.7704
SB3 DQN,52,297,3444,10.8580
SB3 DQN,52,298,3468,6.5594
SB3 DQN,52,299,3468,15.5478
SB3 DQN,52,300,3468,2.5683
SB3 DQN,52,301,3480,4.2560
SB3 DQN,52,302,3480,7.5527
SB3 DQN,52,303,3504,1.1240
SB3 DQN,52,304,3528,21.3486
SB3 DQN,52,305,3540,7.2019
SB3 DQN,52,306,3540,22.5123
SB3 DQN,52,307,3552,15.6422
SB3 DQN,52,308,3564,18.9696
SB3 DQN,52,309,3576,1.9229
SB3 DQN,52,310,3576,4.3653
SB3 DQN,52,311,3588,3.9572
SB3 DQN,52,312,3588,24.4623
SB3 DQN,52,313,3600,10.7937
SB3 DQN,52,314,3600,8.1615
SB3 DQN,52,315,3624,9.2500
SB3 DQN,52,316,3624,4.5013
SB3 DQN,52,317,3660,7.0430
SB3 DQN,52,318,3660,1.9584
SB3 DQN,52,319,3660,5.6436
SB3 DQN,52,320,3672,5.5246
SB3 DQN,52,321,3672,4.2036
SB3 DQN,52,322,3672,14.3999
SB3 DQN,52,323,3684,0.9851
SB3 DQN,52,324,3684,7.3670
SB3 DQN,52,325,3684,7.0550
SB3 DQN,52,326,3696,15.0925
SB3 DQN,52,327,3696,6.9590
SB3 DQN,52,328,3696,7.7852
SB3 DQN,52,329,3720,6.9590
SB3 DQN,52,330,3720,2.9592
SB3 DQN,52,331,3732,4.9572
SB3 DQN,52,332,3744,3.0541
SB3 DQN,52,333,3756,1.1986
SB3 DQN,52,334,3780,6.5604
SB3 DQN,52,335,3780,0.9660
SB3 DQN,52,336,3792,6.9535
SB3 DQN,52,337,3792,9.3567
SB3 DQN,52,338,3804,8.6047
SB3 DQN,52,339,3804,5.0824
SB3 DQN,52,340,3804,5.5591
SB3 DQN,52,341,3828,9.1705
SB3 DQN,52,342,3840,7.2753
SB3 DQN,52,343,3852,4.9572
SB3 DQN,52,344,3852,11.1264
SB3 DQN,52,345,3864,3.8518
SB3 DQN,52,346,3864,1.9602
SB3 DQN,52,347,3876,1.9584
SB3 DQN,52,348,3876,14.1542
SB3 DQN,52,349,3876,5.2772
SB3 DQN,52,350,3900,1.9584
SB3 DQN,52,351,3912,17.7176
SB3 DQN,52,352,3936,9.7583
SB3 DQN,52,353,3948,4.5615
SB3 DQN,52,354,3948,11.4061
SB3 DQN,52,355,3972,7.9886
SB3 DQN,52,356,3972,6.3558
SB3 DQN,52,357,3972,1.1211
SB3 DQN,52,358,3996,4.0456
SB3 DQN,52,359,4020,18.4485
SB3 DQN,52,360,4020,7.1683
SB3 DQN,52,361,4020,16.1085
SB3 DQN,52,362,4020,2.5683
SB3 DQN,52,363,4032,3.5584
SB3 DQN,52,364,4044,4.4082
SB3 DQN,52,365,4044,13.7825
SB3 DQN,52,366,4044,10.0084
SB3 DQN,52,367,4068,8.3623
SB3 DQN,52,368,4068,2.7591
SB3 DQN,52,369,4080,3.8534
SB3 DQN,52,370,4080,4.1234
SB3 DQN,52,371,4092,4.5649
SB3 DQN,52,372,4092,6.5895
SB3 DQN,52,373,4104,4.8001
SB3 DQN,52,374,4104,18.1921
SB3 DQN,52,375,4116,20.5174
SB3 DQN,52,376,4140,1.9602
SB3 DQN,52,377,4152,3.9590
SB3 DQN,52,378,4164,5.9532
SB3 DQN,52,379,4188,9.1234
SB3 DQN,52,380,4188,8.9572
SB3 DQN,52,381,4188,6.9572
SB3 DQN,52,382,4212,11.5677
SB3 DQN,52,383,4224,5.5970
SB3 DQN,52,384,4224,14.1163
SB3 DQN,52,385,4272,5.1603
SB3 DQN,52,386,4284,17.7991
SB3 DQN,52,387,4332,7.5578
SB3 DQN,52,388,4368,15.1832
SB3 DQN,52,389,4368,5.9886
SB3 DQN,52,390,4380,6.5572
SB3 DQN,52,391,4404,19.2880
SB3 DQN,52,392,4428,16.8447
SB3 DQN,52,393,4440,22.6000
SB3 DQN,52,394,4452,16.0624
SB3 DQN,52,395,4464,16.2865
SB3 DQN,52,396,4464,1.9997
SB3 DQN,52,397,4464,6.5596
SB3 DQN,52,398,4464,1.2784
SB3 DQN,52,399,4476,4.9572
SB3 DQN,52,400,4488,11.1538
SB3 DQN,52,401,4500,22.4020
SB3 DQN,52,402,4500,2.7573
SB3 DQN,52,403,4512,9.5594
SB3 DQN,52,404,4512,2.3975
SB3 DQN,52,405,4524,9.6536
SB3 DQN,52,406,4536,4.7602
SB3 DQN,52,407,4536,24.1509
SB3 DQN,52,408,4548,21.8655
SB3 DQN,52,409,4560,1.9602
SB3 DQN,52,410,4560,4.0501
SB3 DQN,52,411,4572,4.5582
SB3 DQN,52,412,4572,3.9590
SB3 DQN,52,413,4572,6.3602
SB3 DQN,52,414,4572,8.1216
SB3 DQN,52,415,4584,8.7601
SB3 DQN,52,416,4596,2.1978
SB3 DQN,52,417,4596,0.9894
SB3 DQN,52,418,4632,3.9590
SB3 DQN,52,419,4644,5.7602
SB3 DQN,52,420,4644,2.9592
SB3 DQN,52,421,4668,5.9590
SB3 DQN,52,422,4692,9.9694
SB3 DQN,52,423,4704,4.2081
SB3 DQN,52,424,4704,13.2753
SB3 DQN,52,425,4740,13.1940
SB3 DQN,52,426,4740,17.4499
SB3 DQN,52,427,4752,11.9553
SB3 DQN,52,428,4764,3.9572
SB3 DQN,52,429,4764,19.9629
SB3 DQN,52,430,4776,1.9894
SB3 DQN,52,431,4776,17.5170
SB3 DQN,52,432,4788,6.1921
SB3 DQN,52,433,4800,3.5603
SB3 DQN,52,434,4800,11.0102
SB3 DQN,52,435,4824,11.6545
SB3 DQN,52,436,4824,2.9558
SB3 DQN,52,437,4824,9.7601
SB3 DQN,52,438,4848,5.7286
SB3 DQN,52,439,4860,7.3636
SB3 DQN,52,440,4860,3.3627
SB3 DQN,52,441,4860,22.3635
SB3 DQN,52,442,4872,8.0541
SB3 DQN,52,443,4884,3.7604
SB3 DQN,52,444,4884,5.3559
SB3 DQN,52,445,4896,2.9118
SB3 DQN,52,446,4896,3.7049
SB3 DQN,52,447,4908,9.7583
SB3 DQN,52,448,4920,3.4010
SB3 DQN,52,449,4920,1.1962
SB3 DQN,52,450,4932,2.3986
SB3 DQN,52,451,4944,10.2903
SB3 DQN,52,452,4968,24.4873
SB3 DQN,52,453,4968,1.7649
SB3 DQN,52,454,4968,5.3699
SB3 DQN,52,455,4980,1.9602
SB3 DQN,52,456,4992,5.7602
SB3 DQN,52,457,5004,7.2180
SB3 DQN,52,458,5004,5.9590
SB3 DQN,52,459,5016,11.9590
SB3 DQN,52,460,5028,0.9660
SB3 DQN,52,461,5028,3.9858
SB3 DQN,52,462,5040,13.5554
SB3 DQN,52,463,5052,10.9618
SB3 DQN,52,464,5052,9.9958
SB3 DQN,52,465,5064,6.7611
SB3 DQN,52,466,5088,4.7580
SB3 DQN,52,467,5088,2.9894
SB3 DQN,52,468,5100,6.8804
SB3 DQN,52,469,5112,10.5659
SB3 DQN,52,470,5112,5.2499
SB3 DQN,52,471,5124,22.2101
SB3 DQN,52,472,5124,1.9602
SB3 DQN,52,473,5124,1.9602
SB3 DQN,52,474,5148,1.9602
SB3 DQN,52,475,5148,12.3692
SB3 DQN,52,476,5160,1.7953
SB3 DQN,52,477,5196,2.7591
SB3 DQN,52,478,5208,5.7585
SB3 DQN,52,479,5220,14.1967
SB3 DQN,52,480,5220,7.6457
SB3 DQN,52,481,5220,3.5625
SB3 DQN,52,482,5232,13.3209
SB3 DQN,52,483,5232,11.4826
SB3 DQN,52,484,5256,1.9974
SB3 DQN,52,485,5268,1.7649
SB3 DQN,52,486,5304,4.8773
SB3 DQN,52,487,5316,6.6542
SB3 DQN,52,488,5340,4.8046
SB3 DQN,52,489,5340,8.1718
SB3 DQN,52,490,5352,25.5234
SB3 DQN,52,491,5364,3.1979
SB3 DQN,52,492,5376,1.5974
SB3 DQN,52,493,5388,2.5142
SB3 DQN,52,494,5412,22.0456
SB3 DQN,52,495,5424,7.9590
SB3 DQN,52,496,5460,10.7899
SB3 DQN,52,497,5472,6.8534
SB3 DQN,52,498,5472,22.3196
SB3 DQN,52,499,5472,5.8183
SB3 DQN,52,500,5484,27.7656
SB3 DQN,52,501,5484,4.5574
SB3 DQN,52,502,5496,4.7221
SB3 DQN,52,503,5496,21.4636
SB3 DQN,52,504,5508,17.1078
SB3 DQN,52,505,5520,1.9602
SB3 DQN,52,506,5532,1.9602
SB3 DQN,52,507,5556,24.2260
SB3 DQN,52,508,5568,15.7548
SB3 DQN,52,509,5604,5.9590
SB3 DQN,52,510,5604,4.9572
SB3 DQN,52,511,5604,16.1613
SB3 DQN,52,512,5628,11.5612
SB3 DQN,52,513,5628,3.9852
SB3 DQN,52,514,5628,11.4061
SB3 DQN,52,515,5640,11.9532
SB3 DQN,52,516,5652,10.0126
SB3 DQN,52,517,5664,15.2014
SB3 DQN,52,518,5676,2.4160
SB3 DQN,52,519,5676,16.0747
SB3 DQN,52,520,5676,13.7564
SB3 DQN,52,521,5688,3.9590
SB3 DQN,52,522,5700,6.7923
SB3 DQN,52,523,5712,1.9584
SB3 DQN,52,524,5748,9.8792
SB3 DQN,52,525,5760,4.1187
SB3 DQN,52,526,5760,12.0483
SB3 DQN,52,527,5760,3.9990
SB3 DQN,52,528,5772,5.6057
SB3 DQN,52,529,5772,7.3189
SB3 DQN,52,530,5784,15.4948
SB3 DQN,52,531,5796,12.7525
SB3 DQN,52,532,5808,12.9550
SB3 DQN,52,533,5808,3.7581
SB3 DQN,52,534,5832,4.9590
SB3 DQN,52,535,5832,4.9572
SB3 DQN,52,536,5844,4.3295
SB3 DQN,52,537,5880,1.6001
SB3 DQN,52,538,5880,5.3626
SB3 DQN,52,539,5904,12.9432
SB3 DQN,52,540,5916,5.9590
SB3 DQN,52,541,5928,15.8105
SB3 DQN,52,542,5940,14.4487
SB3 DQN,52,543,5964,4.6450
SB3 DQN,52,544,5988,10.9647
SB3 DQN,52,545,6000,7.1696
SB3 DQN,52,546,6024,16.3747
SB3 DQN,52,547,6024,5.9588
SB3 DQN,52,548,6036,13.1979
SB3 DQN,52,549,6048,15.7777
SB3 DQN,52,550,6060,11.7602
SB3 DQN,52,551,6072,7.9532
SB3 DQN,52,552,6084,1.5671
SB3 DQN,52,553,6096,3.7284
SB3 DQN,52,554,6096,1.9584
SB3 DQN,52,555,6108,20.2863
SB3 DQN,52,556,6108,7.1638
SB3 DQN,52,557,6120,13.9951
SB3 DQN,52,558,6132,23.1856
SB3 DQN,52,559,6144,7.8829
SB3 DQN,52,560,6144,1.9602
SB3 DQN,52,561,6156,7.2158
SB3 DQN,52,562,6156,6.1205
SB3 DQN,52,563,6156,17.5641
SB3 DQN,52,564,6168,5.4062
SB3 DQN,52,565,6180,3.9572
SB3 DQN,52,566,6192,2.3975
SB3 DQN,52,567,6204,3.7593
SB3 DQN,52,568,6204,6.9590
SB3 DQN,52,569,6228,3.7239
SB3 DQN,52,570,6240,3.7141
SB3 DQN,52,571,6276,3.9960
SB3 DQN,52,572,6288,14.4032
SB3 DQN,52,573,6336,3.3646
SB3 DQN,52,574,6348,27.0453
SB3 DQN,52,575,6348,16.1613
SB3 DQN,52,576,6360,9.7601
SB3 DQN,52,577,6372,12.3678
SB3 DQN,52,578,6384,2.5205
SB3 DQN,52,579,6456,23.5454
SB3 DQN,52,580,6456,15.0159
SB3 DQN,52,581,6516,10.4103
SB3 DQN,52,582,6516,21.3710
SB3 DQN,52,583,6516,21.0824
SB3 DQN,52,584,6516,20.4545
SB3 DQN,52,585,6552,15.2331
SB3 DQN,52,586,6564,26.2112
SB3 DQN,52,587,6672,8.6139
SB3 DQN,52,588,6684,12.5977
SB3 DQN,52,589,6684,18.3169
SB3 DQN,52,590,6708,21.4082
SB3 DQN,52,591,6720,22.3117
SB3 DQN,52,592,6732,21.1672
SB3 DQN,52,593,6816,20.7154
SB3 DQN,52,594,6876,20.5716
SB3 DQN,52,595,6876,20.8594
SB3 DQN,52,596,6876,20.9649
SB3 DQN,52,597,6876,9.2426
SB3 DQN,52,598,6900,12.2846
SB3 DQN,52,599,6912,20.5399
SB3 DQN,52,600,6924,20.9459
SB3 DQN,52,601,7032,21.0501
SB3 DQN,52,602,7044,21.3992
SB3 DQN,52,603,7080,21.1831
SB3 DQN,52,604,7092,20.4545
SB3 DQN,52,605,7152,3.5262
SB3 DQN,52,606,7176,21.2137
SB3 DQN,52,607,7236,22.1578
SB3 DQN,52,608,7236,20.9729
SB3 DQN,52,609,7236,20.8616
SB3 DQN,52,610,7236,20.4545
SB3 DQN,52,611,7260,20.5399
SB3 DQN,52,612,7272,20.7763
SB3 DQN,52,613,7284,20.5739
SB3 DQN,52,614,7308,3.8476
SB3 DQN,52,615,7392,20.5739
SB3 DQN,52,616,7404,20.4545
SB3 DQN,52,617,7452,20.6252
SB3 DQN,52,618,7476,18.2375
SB3 DQN,52,619,7536,20.5399
SB3 DQN,52,620,7596,20.6592
SB3 DQN,52,621,7596,20.5399
SB3 DQN,52,622,7596,21.0489
SB3 DQN,52,623,7620,21.0945
SB3 DQN,52,624,7632,20.7737
SB3 DQN,52,625,7644,20.1762
SB3 DQN,52,626,7668,20.4545
SB3 DQN,52,627,7752,21.3844
SB3 DQN,52,628,7764,20.5399
SB3 DQN,52,629,7812,20.7717
SB3 DQN,52,630,7836,20.5399
SB3 DQN,52,631,7872,3.6461
SB3 DQN,52,632,7884,17.4997
SB3 DQN,52,633,7896,20.7387
SB3 DQN,52,634,7956,20.9705
SB3 DQN,52,635,7956,20.6512
SB3 DQN,52,636,7980,21.1719
SB3 DQN,52,637,7992,20.6592
SB3 DQN,52,638,8004,21.0245
SB3 DQN,52,639,8028,20.5408
SB3 DQN,52,640,8028,2.7591
SB3 DQN,52,641,8112,21.0593
SB3 DQN,52,642,8124,21.0918
SB3 DQN,52,643,8196,21.0672
SB3 DQN,52,644,8232,20.6300
SB3 DQN,52,645,8244,20.7387
SB3 DQN,52,646,8256,20.8229
SB3 DQN,52,647,8316,21.4032
SB3 DQN,52,648,8316,21.0299
SB3 DQN,52,649,8352,20.8640
SB3 DQN,52,650,8364,21.0501
SB3 DQN,52,651,8388,20.4545
SB3 DQN,52,652,8388,20.5399
SB3 DQN,52,653,8472,20.5409
SB3 DQN,52,654,8484,20.4545
SB3 DQN,52,655,8556,21.7238
SB3 DQN,52,656,8592,20.6534
SB3 DQN,52,657,8604,21.0102
SB3 DQN,52,658,8616,20.6536
SB3 DQN,52,659,8664,3.1590
SB3 DQN,52,660,8676,7.0587
SB3 DQN,52,661,8676,21.6641
SB3 DQN,52,662,8676,20.5401
SB3 DQN,52,663,8712,20.5716
SB3 DQN,52,664,8724,21.1295
SB3 DQN,52,665,8748,20.4545
SB3 DQN,52,666,8748,20.5399
SB3 DQN,52,667,8832,20.6512
SB3 DQN,52,668,8844,22.3769
SB3 DQN,52,669,8952,20.4545
SB3 DQN,52,670,8976,20.7785
SB3 DQN,52,671,9024,20.6592
SB3 DQN,52,672,9036,20.5399
SB3 DQN,52,673,9036,20.6252
SB3 DQN,52,674,9036,20.5399
SB3 DQN,52,675,9072,21.2888
SB3 DQN,52,676,9084,20.5716
SB3 DQN,52,677,9108,20.4545
SB3 DQN,52,678,9108,20.7114
SB3 DQN,52,679,9192,20.6252
SB3 DQN,52,680,9204,20.6594
SB3 DQN,52,681,9312,20.5739
SB3 DQN,52,682,9336,20.4545
SB3 DQN,52,683,9384,20.5399
SB3 DQN,52,684,9396,20.5399
SB3 DQN,52,685,9396,20.4545
SB3 DQN,52,686,9396,20.4545
SB3 DQN,52,687,9432,20.4545
SB3 DQN,52,688,9444,20.4545
SB3 DQN,52,689,9468,20.4545
SB3 DQN,52,690,9468,20.4545
SB3 DQN,52,691,9552,20.6592
SB3 DQN,52,692,9564,20.4545
SB3 DQN,52,693,9672,20.4545
SB3 DQN,52,694,9696,20.5399
SB3 DQN,52,695,9744,20.4545
SB3 DQN,52,696,9756,20.4545
SB3 DQN,52,697,9756,20.4545
SB3 DQN,52,698,9756,20.4545
SB3 DQN,52,699,9792,20.4545
SB3 DQN,52,700,9804,20.4545
SB3 DQN,52,701,9828,20.4545
SB3 DQN,52,702,9828,20.4545
SB3 DQN,52,703,9828,6.8182
SB3 DQN,52,704,9912,20.4545
SB3 DQN,52,705,9924,20.5399
SB3 DQN,52,706,10032,20.4545
SB3 DQN,52,707,10104,20.4545
SB3 DQN,52,708,10116,20.4545
SB3 DQN,52,709,10116,20.4545
SB3 DQN,52,710,10116,20.4545
SB3 DQN,52,711,10152,20.4545
SB3 DQN,52,712,10164,20.5457
SB3 DQN,52,713,10188,20.4545
SB3 DQN,52,714,10188,20.4545
SB3 DQN,52,715,10188,20.4545
SB3 DQN,52,716,10272,20.4545
SB3 DQN,52,717,10284,20.4545
SB3 DQN,52,718,10392,20.4545
SB3 DQN,52,719,10464,20.4545
SB3 DQN,52,720,10476,20.4545
SB3 DQN,52,721,10476,20.4545
SB3 DQN,52,722,10476,20.4545
SB3 DQN,52,723,10512,20.4545
SB3 DQN,52,724,10524,20.4545
SB3 DQN,52,725,10548,20.5399
SB3 DQN,52,726,10548,20.4545
SB3 DQN,52,727,10548,20.4545
SB3 DQN,52,728,10632,20.4545
SB3 DQN,52,729,10644,20.4545
SB3 DQN,52,730,10752,20.4545
SB3 DQN,52,731,10824,20.5457
SB3 DQN,52,732,10836,20.5399
SB3 DQN,52,733,10836,20.8862
SB3 DQN,52,734,10836,20.5739
SB3 DQN,52,735,10872,20.5399
SB3 DQN,52,736,10884,20.4545
SB3 DQN,52,737,10908,20.4545
SB3 DQN,52,738,10908,20.5399
SB3 DQN,52,739,10908,20.5399
SB3 DQN,52,740,10992,20.4545
SB3 DQN,52,741,11004,20.5399
SB3 DQN,52,742,11004,6.6898
SB3 DQN,52,743,11088,10.9326
SB3 DQN,52,744,11112,20.5716
SB3 DQN,52,745,11184,21.6067
SB3 DQN,52,746,11196,20.4545
SB3 DQN,52,747,11196,20.4545
SB3 DQN,52,748,11196,20.4545
SB3 DQN,52,749,11232,21.4785
SB3 DQN,52,750,11268,20.4545
SB3 DQN,52,751,11268,20.7785
SB3 DQN,52,752,11352,20.9318
SB3 DQN,52,753,11364,20.5457
SB3 DQN,52,754,11364,20.5739
SB3 DQN,52,755,11448,20.9318
SB3 DQN,52,756,11472,20.5399
SB3 DQN,52,757,11544,20.4545
SB3 DQN,52,758,11556,20.5716
SB3 DQN,52,759,11556,20.5739
SB3 DQN,52,760,11556,20.6534
SB3 DQN,52,761,11592,20.4545
SB3 DQN,52,762,11628,20.4545
SB3 DQN,52,763,11628,21.2488
SB3 DQN,52,764,11712,20.7717
SB3 DQN,52,765,11724,20.7717
SB3 DQN,52,766,11724,20.4545
SB3 DQN,52,767,11808,20.4545
SB3 DQN,52,768,11832,21.4091
SB3 DQN,52,769,11904,20.4545
SB3 DQN,52,770,11916,21.0511
SB3 DQN,52,771,11916,20.5716
SB3 DQN,52,772,11916,20.5739
SB3 DQN,52,773,11952,20.4545
SB3 DQN,52,774,11988,20.4545
SB3 DQN,52,775,11988,20.4545
SB3 DQN,52,776,12072,20.4545
SB3 DQN,52,777,12084,20.4545
SB3 DQN,52,778,12084,20.4545
SB3 DQN,52,779,12168,20.4545
SB3 DQN,52,780,12192,20.4545
SB3 DQN,52,781,12264,20.5399
SB3 DQN,52,782,12276,20.4545
SB3 DQN,52,783,12276,20.4545
SB3 DQN,52,784,12276,20.4545
SB3 DQN,52,785,12312,20.4545
SB3 DQN,52,786,12348,20.4545
SB3 DQN,52,787,12348,20.4545
SB3 DQN,52,788,12432,20.4545
SB3 DQN,52,789,12444,20.4545
SB3 DQN,52,790,12444,20.4545
SB3 DQN,52,791,12528,20.5399
SB3 DQN,52,792,12552,20.4545
SB3 DQN,52,793,12624,20.4545
SB3 DQN,52,794,12636,20.4545
SB3 DQN,52,795,12636,20.4545
SB3 DQN,52,796,12636,20.4545
SB3 DQN,52,797,12672,20.4545
SB3 DQN,52,798,12708,20.4545
SB3 DQN,52,799,12708,20.4545
SB3 DQN,52,800,12792,20.4545
SB3 DQN,52,801,12804,20.4545
SB3 DQN,52,802,12804,20.4545
SB3 DQN,52,803,12888,20.4545
SB3 DQN,52,804,12912,20.5399
SB3 DQN,52,805,12984,20.4545
SB3 DQN,52,806,12996,20.4545
SB3 DQN,52,807,12996,20.4545
SB3 DQN,52,808,12996,20.4545
SB3 DQN,52,809,13032,20.4545
SB3 DQN,52,810,13068,20.4545
SB3 DQN,52,811,13068,20.5399
SB3 DQN,52,812,13152,20.4545
SB3 DQN,52,813,13164,20.5716
SB3 DQN,52,814,13164,20.5739
SB3 DQN,52,815,13248,20.4545
SB3 DQN,52,816,13272,20.4545
SB3 DQN,52,817,13296,12.3581
SB3 DQN,52,818,13344,20.4545
SB3 DQN,52,819,13356,20.4545
SB3 DQN,52,820,13356,20.4545
SB3 DQN,52,821,13356,20.6534
SB3 DQN,52,822,13392,20.4545
SB3 DQN,52,823,13428,20.5399
SB3 DQN,52,824,13512,20.4545
SB3 DQN,52,825,13524,20.5399
SB3 DQN,52,826,13524,20.6252
SB3 DQN,52,827,13608,20.4545
SB3 DQN,52,828,13632,20.5739
SB3 DQN,52,829,13656,20.6254
SB3 DQN,52,830,13704,20.4545
SB3 DQN,52,831,13716,20.4545
SB3 DQN,52,832,13716,20.4545
SB3 DQN,52,833,13716,20.4545
SB3 DQN,52,834,13752,20.4545
SB3 DQN,52,835,13776,13.7217
SB3 DQN,52,836,13788,20.5399
SB3 DQN,52,837,13872,20.4545
SB3 DQN,52,838,13884,20.4545
SB3 DQN,52,839,13968,20.5399
SB3 DQN,52,840,13992,20.5399
SB3 DQN,52,841,14016,20.4545
SB3 DQN,52,842,14064,20.4545
SB3 DQN,52,843,14076,20.4545
SB3 DQN,52,844,14076,20.5399
SB3 DQN,52,845,14076,20.4545
SB3 DQN,52,846,14112,20.4545
SB3 DQN,52,847,14136,20.4545
SB3 DQN,52,848,14148,20.4545
SB3 DQN,52,849,14232,20.4545
SB3 DQN,52,850,14244,20.4545
SB3 DQN,52,851,14328,20.4545
SB3 DQN,52,852,14352,20.4545
SB3 DQN,52,853,14376,20.4545
SB3 DQN,52,854,14424,20.4545
SB3 DQN,52,855,14436,20.4545
SB3 DQN,52,856,14436,20.4545
SB3 DQN,52,857,14436,20.4545
SB3 DQN,52,858,14472,20.4545
SB3 DQN,52,859,14496,20.4545
SB3 DQN,52,860,14496,3.2023
SB3 DQN,52,861,14508,20.4545
SB3 DQN,52,862,14520,5.6080
SB3 DQN,52,863,14592,20.4545
SB3 DQN,52,864,14592,15.4748
SB3 DQN,52,865,14604,20.4545
SB3 DQN,52,866,14688,20.4545
SB3 DQN,52,867,14736,20.5399
SB3 DQN,52,868,14748,13.0399
SB3 DQN,52,869,14796,20.5399
SB3 DQN,52,870,14796,21.0511
SB3 DQN,52,871,14832,21.4069
SB3 DQN,52,872,14856,21.1682
SB3 DQN,52,873,14856,21.0511
SB3 DQN,52,874,14880,20.5399
SB3 DQN,52,875,14904,2.0455
SB3 DQN,52,876,14952,20.4545
SB3 DQN,52,877,14952,20.4545
SB3 DQN,52,878,14964,20.4545
SB3 DQN,52,879,15048,20.5399
SB3 DQN,52,880,15096,21.4944
SB3 DQN,52,881,15108,21.2898
SB3 DQN,52,882,15156,20.4545
SB3 DQN,52,883,15156,20.9014
SB3 DQN,52,884,15192,20.5399
SB3 DQN,52,885,15216,20.4545
SB3 DQN,52,886,15240,20.4545
SB3 DQN,52,887,15264,20.4545
SB3 DQN,52,888,15312,21.1705
SB3 DQN,52,889,15312,20.4545
SB3 DQN,52,890,15324,20.4545
SB3 DQN,52,891,15408,20.4545
SB3 DQN,52,892,15456,20.4545
SB3 DQN,52,893,15468,20.4545
SB3 DQN,52,894,15516,20.4545
SB3 DQN,52,895,15516,20.4545
SB3 DQN,52,896,15552,20.4545
SB3 DQN,52,897,15576,20.4545
SB3 DQN,52,898,15600,20.4545
SB3 DQN,52,899,15624,20.4545
SB3 DQN,52,900,15672,20.4545
SB3 DQN,52,901,15672,20.4545
SB3 DQN,52,902,15684,20.8125
SB3 DQN,52,903,15768,20.5399
SB3 DQN,52,904,15816,20.6252
SB3 DQN,52,905,15828,20.5457
SB3 DQN,52,906,15876,21.3734
SB3 DQN,52,907,15876,21.2875
SB3 DQN,52,908,15912,20.9270
SB3 DQN,52,909,15936,20.6534
SB3 DQN,52,910,15960,20.5399
SB3 DQN,52,911,15984,20.4545
SB3 DQN,52,912,16032,20.4545
SB3 DQN,52,913,16032,20.4545
SB3 DQN,52,914,16044,20.5399
SB3 DQN,52,915,16128,20.4545
SB3 DQN,52,916,16176,20.4545
SB3 DQN,52,917,16188,20.5399
SB3 DQN,52,918,16212,1.9584
SB3 DQN,52,919,16236,21.5284
SB3 DQN,52,920,16236,21.5284
SB3 DQN,52,921,16236,11.3406
SB3 DQN,52,922,16272,20.6932
SB3 DQN,52,923,16296,20.9296
SB3 DQN,52,924,16296,3.1997
SB3 DQN,52,925,16296,6.4028
SB3 DQN,52,926,16308,5.6031
SB3 DQN,52,927,16320,20.4545
SB3 DQN,52,928,16332,5.6031
SB3 DQN,52,929,16332,18.4237
SB3 DQN,52,930,16344,20.4545
SB3 DQN,52,931,16392,20.4545
SB3 DQN,52,932,16488,20.4545
SB3 DQN,52,933,16596,21.7622
SB3 DQN,52,934,16632,21.4091
SB3 DQN,52,935,16656,21.1705
SB3 DQN,52,936,16656,21.1705
SB3 DQN,52,937,16656,21.1682
SB3 DQN,52,938,16668,20.9318
SB3 DQN,52,939,16680,20.9318
SB3 DQN,52,940,16680,0.9258
SB3 DQN,52,941,16692,20.7727
SB3 DQN,52,942,16692,20.4545
SB3 DQN,52,943,16704,20.6932
SB3 DQN,52,944,16728,1.5974
SB3 DQN,52,945,16740,6.4042
SB3 DQN,52,946,16752,20.4545
SB3 DQN,52,947,16812,8.8125
SB3 DQN,52,948,16824,8.0091
SB3 DQN,52,949,16836,5.6031
SB3 DQN,52,950,16848,10.4125
SB3 DQN,52,951,16848,20.5399
SB3 DQN,52,952,16956,20.4545
SB3 DQN,52,953,17016,22.5602
SB3 DQN,52,954,17016,20.5716
SB3 DQN,52,955,17028,3.6081
SB3 DQN,52,956,17040,20.6331
SB3 DQN,52,957,17040,22.6023
SB3 DQN,52,958,17076,3.2045
SB3 DQN,52,959,17076,1.6023
SB3 DQN,52,960,17088,22.1228
SB3 DQN,52,961,17088,4.0057
SB3 DQN,52,962,17100,17.4284
SB3 DQN,52,963,17112,23.0310
SB3 DQN,52,964,17136,5.6080
SB3 DQN,52,965,17160,4.8046
SB3 DQN,52,966,17172,4.8068
SB3 DQN,52,967,17172,5.6057
SB3 DQN,52,968,17172,4.0008
SB3 DQN,52,969,17172,4.8068
SB3 DQN,52,970,17184,20.6883
SB3 DQN,52,971,17196,21.0511
SB3 DQN,52,972,17208,1.7141
SB3 DQN,52,973,17208,20.4545
SB3 DQN,52,974,17208,20.9318
SB3 DQN,52,975,17220,2.3959
SB3 DQN,52,976,17220,6.4016
SB3 DQN,52,977,17244,3.9982
SB3 DQN,52,978,17244,4.7993
SB3 DQN,52,979,17304,7.0834
SB3 DQN,52,980,17316,11.0684
SB3 DQN,52,981,17388,22.9554
SB3 DQN,52,982,17532,21.5284
SB3 DQN,52,983,17556,22.4397
SB3 DQN,52,984,17568,21.2616
SB3 DQN,52,985,17568,21.1705
SB3 DQN,52,986,17568,21.1629
SB3 DQN,52,987,17580,20.5716
SB3 DQN,52,988,17580,20.5716
SB3 DQN,52,989,17604,20.9014
SB3 DQN,52,990,17604,20.8125
SB3 DQN,52,991,17640,3.2045
SB3 DQN,52,992,17652,7.2102
SB3 DQN,52,993,17664,20.4545
SB3 DQN,52,994,17676,20.4545
SB3 DQN,52,995,17748,20.4545
SB3 DQN,52,996,17916,21.5284
SB3 DQN,52,997,17928,21.4091
SB3 DQN,52,998,17928,21.6079
SB3 DQN,52,999,17928,21.4091
SB3 DQN,52,1000,17940,21.2898
SB3 DQN,52,1001,17952,20.9192
SB3 DQN,52,1002,17964,21.0511
SB3 DQN,52,1003,18000,20.8920
SB3 DQN,52,1004,18012,21.0102
SB3 DQN,52,1005,18024,20.5399
SB3 DQN,52,1006,18036,20.4545
SB3 DQN,52,1007,18108,20.4545
SB3 DQN,52,1008,18204,9.8694
SB3 DQN,52,1009,18252,2.3959
SB3 DQN,52,1010,18276,20.4545
SB3 DQN,52,1011,18288,20.4545
SB3 DQN,52,1012,18288,20.7785
SB3 DQN,52,1013,18288,20.5399
SB3 DQN,52,1014,18300,20.4545
SB3 DQN,52,1015,18312,1.6000
SB3 DQN,52,1016,18312,20.4545
SB3 DQN,52,1017,18324,20.5399
SB3 DQN,52,1018,18360,21.7240
SB3 DQN,52,1019,18372,20.8125
SB3 DQN,52,1020,18396,20.6594
SB3 DQN,52,1021,18468,20.5716
SB3 DQN,52,1022,18612,22.5555
SB3 DQN,52,1023,18648,21.4042
SB3 DQN,52,1024,18648,21.4069
SB3 DQN,52,1025,18648,21.4028
SB3 DQN,52,1026,18660,21.1226
SB3 DQN,52,1027,18672,21.1682
SB3 DQN,52,1028,18672,21.1705
SB3 DQN,52,1029,18684,20.5716
SB3 DQN,52,1030,18696,4.7993
SB3 DQN,52,1031,18708,1.5974
SB3 DQN,52,1032,18720,20.6909
SB3 DQN,52,1033,18732,20.5716
SB3 DQN,52,1034,18756,1.7141
SB3 DQN,52,1035,18756,20.4545
SB3 DQN,52,1036,18828,20.4545
SB3 DQN,52,1037,19008,21.6429
SB3 DQN,52,1038,19008,21.6402
SB3 DQN,52,1039,19008,21.6477
SB3 DQN,52,1040,19020,21.5262
SB3 DQN,52,1041,19032,21.4042
SB3 DQN,52,1042,19044,21.2823
SB3 DQN,52,1043,19056,21.1682
SB3 DQN,52,1044,19068,21.0489
SB3 DQN,52,1045,19092,20.8076
SB3 DQN,52,1046,19104,5.2500
SB3 DQN,52,1047,19116,20.5716
SB3 DQN,52,1048,19116,20.5716
SB3 DQN,52,1049,19116,3.2045
SB3 DQN,52,1050,19188,20.4545
SB3 DQN,52,1051,19200,4.8068
SB3 DQN,52,1052,19368,20.7785
SB3 DQN,52,1053,19368,21.8815
SB3 DQN,52,1054,19380,20.6932
SB3 DQN,52,1055,19392,21.6477
SB3 DQN,52,1056,19404,21.7648
SB3 DQN,52,1057,19428,21.3729
SB3 DQN,52,1058,19452,21.1682
SB3 DQN,52,1059,19464,21.4042
SB3 DQN,52,1060,19476,20.8103
SB3 DQN,52,1061,19476,4.0008
SB3 DQN,52,1062,19476,20.8956
SB3 DQN,52,1063,19500,2.3959
SB3 DQN,52,1064,19536,3.2045
SB3 DQN,52,1065,19536,2.8444
SB3 DQN,52,1066,19548,9.7365
SB3 DQN,52,1067,19548,20.6594
SB3 DQN,52,1068,19560,20.4545
SB3 DQN,52,1069,19596,5.2044
SB3 DQN,52,1070,19716,19.0909
SB3 DQN,52,1071,19728,20.4545
SB3 DQN,52,1072,19740,20.4545
SB3 DQN,52,1073,19788,21.2823
SB3 DQN,52,1074,19824,20.6883
SB3 DQN,52,1075,19836,2.4034
SB3 DQN,52,1076,19836,20.5716
SB3 DQN,52,1077,19848,6.4091
SB3 DQN,52,1078,19884,1.6504
SB3 DQN,52,1079,19896,20.4545
SB3 DQN,52,1080,19896,20.4545
SB3 DQN,52,1081,19896,3.1970
SB3 DQN,52,1082,19908,11.2084
SB3 DQN,52,1083,19908,20.4545
SB3 DQN,52,1084,19908,20.4545
SB3 DQN,52,1085,19920,20.4545
SB3 DQN,52,1086,19956,20.4545
